item_id,name,category,subcategory,tier,group,art_source,shared_icon_key,index,row,column,x,y,width,height,original_r3_index,original_r2_index
copper_ore,Copper Ore,Resource,Raw material,1,resources.ore,supplied ore sheet / generated tier 33-34,,0,0,0,0,0,128,128,0,0
iron_ore,Iron Ore,Resource,Raw material,2,resources.ore,supplied ore sheet / generated tier 33-34,,1,0,1,128,0,128,128,1,1
silver_ore,Silver Ore,Resource,Raw material,3,resources.ore,supplied ore sheet / generated tier 33-34,,2,0,2,256,0,128,128,2,2
gold_ore,Gold Ore,Resource,Raw material,4,resources.ore,supplied ore sheet / generated tier 33-34,,3,0,3,384,0,128,128,3,3
mythril_ore,Mythril Ore,Resource,Raw material,5,resources.ore,supplied ore sheet / generated tier 33-34,,4,0,4,512,0,128,128,4,4
starsteel_ore,Starsteel Ore,Resource,Raw material,6,resources.ore,supplied ore sheet / generated tier 33-34,,5,0,5,640,0,128,128,5,5
obsidian_ore,Obsidian Ore,Resource,Raw material,7,resources.ore,supplied ore sheet / generated tier 33-34,,6,0,6,768,0,128,128,6,6
runite_ore,Runite Ore,Resource,Raw material,8,resources.ore,supplied ore sheet / generated tier 33-34,,7,0,7,896,0,128,128,7,7
dragonsteel_ore,Dragonsteel Ore,Resource,Raw material,9,resources.ore,supplied ore sheet / generated tier 33-34,,8,0,8,1024,0,128,128,8,8
aethersteel_ore,Aethersteel Ore,Resource,Raw material,10,resources.ore,supplied ore sheet / generated tier 33-34,,9,0,9,1152,0,128,128,9,9
voidiron_ore,Voidiron Ore,Resource,Raw material,11,resources.ore,supplied ore sheet / generated tier 33-34,,10,1,0,0,128,128,128,10,10
celestium_ore,Celestium Ore,Resource,Raw material,12,resources.ore,supplied ore sheet / generated tier 33-34,,11,1,1,128,128,128,128,11,11
bloodstone_ore,Bloodstone Ore,Resource,Raw material,13,resources.ore,supplied ore sheet / generated tier 33-34,,12,1,2,256,128,128,128,12,12
moonsteel_ore,Moonsteel Ore,Resource,Raw material,14,resources.ore,supplied ore sheet / generated tier 33-34,,13,1,3,384,128,128,128,13,13
sunforged_ore,Sunforged Ore,Resource,Raw material,15,resources.ore,supplied ore sheet / generated tier 33-34,,14,1,4,512,128,128,128,14,14
netherite_ore,Netherite Ore,Resource,Raw material,16,resources.ore,supplied ore sheet / generated tier 33-34,,15,1,5,640,128,128,128,15,15
stormglass_ore,Stormglass Ore,Resource,Raw material,17,resources.ore,supplied ore sheet / generated tier 33-34,,16,1,6,768,128,128,128,16,16
kingssteel_ore,Kingssteel Ore,Resource,Raw material,18,resources.ore,supplied ore sheet / generated tier 33-34,,17,1,7,896,128,128,128,17,17
eternium_ore,Eternium Ore,Resource,Raw material,19,resources.ore,supplied ore sheet / generated tier 33-34,,18,1,8,1024,128,128,128,18,18
astralium_ore,Astralium Ore,Resource,Raw material,20,resources.ore,supplied ore sheet / generated tier 33-34,,19,1,9,1152,128,128,128,19,19
gravite_ore,Gravite Ore,Resource,Raw material,21,resources.ore,supplied ore sheet / generated tier 33-34,,20,2,0,0,256,128,128,20,20
frostiron_ore,Frostiron Ore,Resource,Raw material,22,resources.ore,supplied ore sheet / generated tier 33-34,,21,2,1,128,256,128,128,21,21
dusksteel_ore,Dusksteel Ore,Resource,Raw material,23,resources.ore,supplied ore sheet / generated tier 33-34,,22,2,2,256,256,128,128,22,22
titanium_ore,Titanium Ore,Resource,Raw material,24,resources.ore,supplied ore sheet / generated tier 33-34,,23,2,3,384,256,128,128,23,23
skysteel_ore,Skysteel Ore,Resource,Raw material,25,resources.ore,supplied ore sheet / generated tier 33-34,,24,2,4,512,256,128,128,24,24
emberium_ore,Emberium Ore,Resource,Raw material,26,resources.ore,supplied ore sheet / generated tier 33-34,,25,2,5,640,256,128,128,25,25
soulsteel_ore,Soulsteel Ore,Resource,Raw material,27,resources.ore,supplied ore sheet / generated tier 33-34,,26,2,6,768,256,128,128,26,26
chronite_ore,Chronite Ore,Resource,Raw material,28,resources.ore,supplied ore sheet / generated tier 33-34,,27,2,7,896,256,128,128,27,27
worldforge_ore,Worldforge Ore,Resource,Raw material,29,resources.ore,supplied ore sheet / generated tier 33-34,,28,2,8,1024,256,128,128,28,28
voidglass_ore,Voidglass Ore,Resource,Raw material,30,resources.ore,supplied ore sheet / generated tier 33-34,,29,2,9,1152,256,128,128,29,29
thalassic_ore,Thalassic Ore,Resource,Raw material,31,resources.ore,supplied ore sheet / generated tier 33-34,,30,3,0,0,384,128,128,30,30
ashspire_ore,Ashspire Ore,Resource,Raw material,32,resources.ore,supplied ore sheet / generated tier 33-34,,31,3,1,128,384,128,128,31,31
glacirite_ore,Glacirite Ore,Resource,Raw material,33,resources.ore,supplied ore sheet / generated tier 33-34,,32,3,2,256,384,128,128,32,32
primordite_ore,Primordite Ore,Resource,Raw material,34,resources.ore,supplied ore sheet / generated tier 33-34,,33,3,3,384,384,128,128,33,33
copperbloom,Copperbloom,Resource,Raw material,1,resources.plant,generated botanical family,,34,3,4,512,384,128,128,34,34
ironleaf,Ironleaf,Resource,Raw material,2,resources.plant,generated botanical family,,35,3,5,640,384,128,128,35,35
silverroot,Silverroot,Resource,Raw material,3,resources.plant,generated botanical family,,36,3,6,768,384,128,128,36,36
golden_mint,Golden Mint,Resource,Raw material,4,resources.plant,generated botanical family,,37,3,7,896,384,128,128,37,37
mythril_moss,Mythril Moss,Resource,Raw material,5,resources.plant,generated botanical family,,38,3,8,1024,384,128,128,38,38
starpetal,Starpetal,Resource,Raw material,6,resources.plant,generated botanical family,,39,3,9,1152,384,128,128,39,39
obsidian_thorn,Obsidian Thorn,Resource,Raw material,7,resources.plant,generated botanical family,,40,4,0,0,512,128,128,40,40
runebloom,Runebloom,Resource,Raw material,8,resources.plant,generated botanical family,,41,4,1,128,512,128,128,41,41
embersage,Embersage,Resource,Raw material,9,resources.plant,generated botanical family,,42,4,2,256,512,128,128,42,42
aetherreed,Aetherreed,Resource,Raw material,10,resources.plant,generated botanical family,,43,4,3,384,512,128,128,43,43
void_fern,Void Fern,Resource,Raw material,11,resources.plant,generated botanical family,,44,4,4,512,512,128,128,44,44
sunblossom,Sunblossom,Resource,Raw material,12,resources.plant,generated botanical family,,45,4,5,640,512,128,128,45,45
bloodvine,Bloodvine,Resource,Raw material,13,resources.plant,generated botanical family,,46,4,6,768,512,128,128,46,46
moonshade,Moonshade,Resource,Raw material,14,resources.plant,generated botanical family,,47,4,7,896,512,128,128,47,47
sunflare_bloom,Sunflare Bloom,Resource,Raw material,15,resources.plant,generated botanical family,,48,4,8,1024,512,128,128,48,48
nether_bramble,Nether Bramble,Resource,Raw material,16,resources.plant,generated botanical family,,49,4,9,1152,512,128,128,49,49
stormsage,Stormsage,Resource,Raw material,17,resources.plant,generated botanical family,,50,5,0,0,640,128,128,50,50
royal_thyme,Royal Thyme,Resource,Raw material,18,resources.plant,generated botanical family,,51,5,1,128,640,128,128,51,51
eternal_orchid,Eternal Orchid,Resource,Raw material,19,resources.plant,generated botanical family,,52,5,2,256,640,128,128,52,52
astral_bloom,Astral Bloom,Resource,Raw material,20,resources.plant,generated botanical family,,53,5,3,384,640,128,128,53,53
graviweed,Graviweed,Resource,Raw material,21,resources.plant,generated botanical family,,54,5,4,512,640,128,128,54,54
frostmint,Frostmint,Resource,Raw material,22,resources.plant,generated botanical family,,55,5,5,640,640,128,128,55,55
duskleaf,Duskleaf,Resource,Raw material,23,resources.plant,generated botanical family,,56,5,6,768,640,128,128,56,56
titanfern,Titanfern,Resource,Raw material,24,resources.plant,generated botanical family,,57,5,7,896,640,128,128,57,57
skyblossom,Skyblossom,Resource,Raw material,25,resources.plant,generated botanical family,,58,5,8,1024,640,128,128,58,58
emberroot,Emberroot,Resource,Raw material,26,resources.plant,generated botanical family,,59,5,9,1152,640,128,128,59,59
soulsprig,Soulsprig,Resource,Raw material,27,resources.plant,generated botanical family,,60,6,0,0,768,128,128,60,60
chrono_sage,Chrono Sage,Resource,Raw material,28,resources.plant,generated botanical family,,61,6,1,128,768,128,128,61,61
worldseed,Worldseed,Resource,Raw material,29,resources.plant,generated botanical family,,62,6,2,256,768,128,128,62,62
nullpetal,Nullpetal,Resource,Raw material,30,resources.plant,generated botanical family,,63,6,3,384,768,128,128,63,63
brinesage,Brinesage,Resource,Raw material,31,resources.plant,generated botanical family,,64,6,4,512,768,128,128,64,64
cinder_lily,Cinder Lily,Resource,Raw material,32,resources.plant,generated botanical family,,65,6,5,640,768,128,128,65,65
frostweald,Frostweald,Resource,Raw material,33,resources.plant,generated botanical family,,66,6,6,768,768,128,128,66,66
genesis_bloom,Genesis Bloom,Resource,Raw material,34,resources.plant,generated botanical family,,67,6,7,896,768,128,128,67,67
cotton,Cotton,Resource,Raw material,1,resources.fiber,generated raw-fibre family,,68,6,8,1024,768,128,128,68,68
flax,Flax,Resource,Raw material,2,resources.fiber,generated raw-fibre family,,69,6,9,1152,768,128,128,69,69
wool,Wool,Resource,Raw material,3,resources.fiber,generated raw-fibre family,,70,7,0,0,896,128,128,70,70
silk,Silk,Resource,Raw material,4,resources.fiber,generated raw-fibre family,,71,7,1,128,896,128,128,71,71
mythril_silk,Mythril Silk,Resource,Raw material,5,resources.fiber,generated raw-fibre family,,72,7,2,256,896,128,128,72,72
starweave,Starweave,Resource,Raw material,6,resources.fiber,generated raw-fibre family,,73,7,3,384,896,128,128,73,73
shadowweave,Shadowweave,Resource,Raw material,7,resources.fiber,generated raw-fibre family,,74,7,4,512,896,128,128,74,74
runic_thread,Runic Thread,Resource,Raw material,8,resources.fiber,generated raw-fibre family,,75,7,5,640,896,128,128,75,75
dragonscale_silk,Dragonscale Silk,Resource,Raw material,9,resources.fiber,generated raw-fibre family,,76,7,6,768,896,128,128,76,76
aether_silk,Aether Silk,Resource,Raw material,10,resources.fiber,generated raw-fibre family,,77,7,7,896,896,128,128,77,77
void_thread,Void Thread,Resource,Raw material,11,resources.fiber,generated raw-fibre family,,78,7,8,1024,896,128,128,78,78
celestial_silk,Celestial Silk,Resource,Raw material,12,resources.fiber,generated raw-fibre family,,79,7,9,1152,896,128,128,79,79
bloodweave,Bloodweave,Resource,Raw material,13,resources.fiber,generated raw-fibre family,,80,8,0,0,1024,128,128,80,80
moonsilk,Moonsilk,Resource,Raw material,14,resources.fiber,generated raw-fibre family,,81,8,1,128,1024,128,128,81,81
sunweave,Sunweave,Resource,Raw material,15,resources.fiber,generated raw-fibre family,,82,8,2,256,1024,128,128,82,82
netherweave,Netherweave,Resource,Raw material,16,resources.fiber,generated raw-fibre family,,83,8,3,384,1024,128,128,83,83
stormsilk,Stormsilk,Resource,Raw material,17,resources.fiber,generated raw-fibre family,,84,8,4,512,1024,128,128,84,84
regal_silk,Regal Silk,Resource,Raw material,18,resources.fiber,generated raw-fibre family,,85,8,5,640,1024,128,128,85,85
eternal_weave,Eternal Weave,Resource,Raw material,19,resources.fiber,generated raw-fibre family,,86,8,6,768,1024,128,128,86,86
astral_silk,Astral Silk,Resource,Raw material,20,resources.fiber,generated raw-fibre family,,87,8,7,896,1024,128,128,87,87
gravity_weave,Gravity Weave,Resource,Raw material,21,resources.fiber,generated raw-fibre family,,88,8,8,1024,1024,128,128,88,88
frostweave,Frostweave,Resource,Raw material,22,resources.fiber,generated raw-fibre family,,89,8,9,1152,1024,128,128,89,89
duskweave,Duskweave,Resource,Raw material,23,resources.fiber,generated raw-fibre family,,90,9,0,0,1152,128,128,90,90
titanweave,Titanweave,Resource,Raw material,24,resources.fiber,generated raw-fibre family,,91,9,1,128,1152,128,128,91,91
skysilk,Skysilk,Resource,Raw material,25,resources.fiber,generated raw-fibre family,,92,9,2,256,1152,128,128,92,92
emberweave,Emberweave,Resource,Raw material,26,resources.fiber,generated raw-fibre family,,93,9,3,384,1152,128,128,93,93
soulweave,Soulweave,Resource,Raw material,27,resources.fiber,generated raw-fibre family,,94,9,4,512,1152,128,128,94,94
chronoweave,Chronoweave,Resource,Raw material,28,resources.fiber,generated raw-fibre family,,95,9,5,640,1152,128,128,95,95
worldweave,Worldweave,Resource,Raw material,29,resources.fiber,generated raw-fibre family,,96,9,6,768,1152,128,128,96,96
voidglass_silk,Voidglass Silk,Resource,Raw material,30,resources.fiber,generated raw-fibre family,,97,9,7,896,1152,128,128,97,97
abyssal_silk,Abyssal Silk,Resource,Raw material,31,resources.fiber,generated raw-fibre family,,98,9,8,1024,1152,128,128,98,98
ashweave,Ashweave,Resource,Raw material,32,resources.fiber,generated raw-fibre family,,99,9,9,1152,1152,128,128,99,99
glacial_silk,Glacial Silk,Resource,Raw material,33,resources.fiber,generated raw-fibre family,,100,10,0,0,1280,128,128,100,100
primordial_weave,Primordial Weave,Resource,Raw material,34,resources.fiber,generated raw-fibre family,,101,10,1,128,1280,128,128,101,101
cut_ruby,Cut Ruby,Resource,Raw material,1,resources.cut_gem,generated cut-gem family,,102,10,2,256,1280,128,128,102,102
cut_garnet,Cut Garnet,Resource,Raw material,2,resources.cut_gem,generated cut-gem family,,103,10,3,384,1280,128,128,103,103
cut_amethyst,Cut Amethyst,Resource,Raw material,3,resources.cut_gem,generated cut-gem family,,104,10,4,512,1280,128,128,104,104
cut_topaz,Cut Topaz,Resource,Raw material,4,resources.cut_gem,generated cut-gem family,,105,10,5,640,1280,128,128,105,105
cut_peridot,Cut Peridot,Resource,Raw material,5,resources.cut_gem,generated cut-gem family,,106,10,6,768,1280,128,128,106,106
cut_aquamarine,Cut Aquamarine,Resource,Raw material,6,resources.cut_gem,generated cut-gem family,,107,10,7,896,1280,128,128,107,107
cut_onyx,Cut Onyx,Resource,Raw material,7,resources.cut_gem,generated cut-gem family,,108,10,8,1024,1280,128,128,108,108
cut_jade,Cut Jade,Resource,Raw material,8,resources.cut_gem,generated cut-gem family,,109,10,9,1152,1280,128,128,109,109
cut_sapphire,Cut Sapphire,Resource,Raw material,9,resources.cut_gem,generated cut-gem family,,110,11,0,0,1408,128,128,110,110
cut_opal,Cut Opal,Resource,Raw material,10,resources.cut_gem,generated cut-gem family,,111,11,1,128,1408,128,128,111,111
cut_alexandrite,Cut Alexandrite,Resource,Raw material,11,resources.cut_gem,generated cut-gem family,,112,11,2,256,1408,128,128,112,112
cut_citrine,Cut Citrine,Resource,Raw material,12,resources.cut_gem,generated cut-gem family,,113,11,3,384,1408,128,128,113,113
cut_spinel,Cut Spinel,Resource,Raw material,13,resources.cut_gem,generated cut-gem family,,114,11,4,512,1408,128,128,114,114
cut_moonstone,Cut Moonstone,Resource,Raw material,14,resources.cut_gem,generated cut-gem family,,115,11,5,640,1408,128,128,115,115
cut_sunstone,Cut Sunstone,Resource,Raw material,15,resources.cut_gem,generated cut-gem family,,116,11,6,768,1408,128,128,116,116
cut_tanzanite,Cut Tanzanite,Resource,Raw material,16,resources.cut_gem,generated cut-gem family,,117,11,7,896,1408,128,128,117,117
cut_tourmaline,Cut Tourmaline,Resource,Raw material,17,resources.cut_gem,generated cut-gem family,,118,11,8,1024,1408,128,128,118,118
cut_zircon,Cut Zircon,Resource,Raw material,18,resources.cut_gem,generated cut-gem family,,119,11,9,1152,1408,128,128,119,119
cut_lapis,Cut Lapis,Resource,Raw material,19,resources.cut_gem,generated cut-gem family,,120,12,0,0,1536,128,128,120,120
cut_labradorite,Cut Labradorite,Resource,Raw material,20,resources.cut_gem,generated cut-gem family,,121,12,1,128,1536,128,128,121,121
cut_malachite,Cut Malachite,Resource,Raw material,21,resources.cut_gem,generated cut-gem family,,122,12,2,256,1536,128,128,122,122
cut_howlite,Cut Howlite,Resource,Raw material,22,resources.cut_gem,generated cut-gem family,,123,12,3,384,1536,128,128,123,123
cut_shadow_pearl,Cut Shadow Pearl,Resource,Raw material,23,resources.cut_gem,generated cut-gem family,,124,12,4,512,1536,128,128,124,124
cut_celestite,Cut Celestite,Resource,Raw material,24,resources.cut_gem,generated cut-gem family,,125,12,5,640,1536,128,128,125,125
cut_azurite,Cut Azurite,Resource,Raw material,25,resources.cut_gem,generated cut-gem family,,126,12,6,768,1536,128,128,126,126
cut_cinnabar,Cut Cinnabar,Resource,Raw material,26,resources.cut_gem,generated cut-gem family,,127,12,7,896,1536,128,128,127,127
cut_phantom_quartz,Cut Phantom Quartz,Resource,Raw material,27,resources.cut_gem,generated cut-gem family,,128,12,8,1024,1536,128,128,128,128
cut_sphene,Cut Sphene,Resource,Raw material,28,resources.cut_gem,generated cut-gem family,,129,12,9,1152,1536,128,128,129,129
cut_heliodor,Cut Heliodor,Resource,Raw material,29,resources.cut_gem,generated cut-gem family,,130,13,0,0,1664,128,128,130,130
cut_void_crystal,Cut Void Crystal,Resource,Raw material,30,resources.cut_gem,generated cut-gem family,,131,13,1,128,1664,128,128,131,131
cut_abyssal_pearl,Cut Abyssal Pearl,Resource,Raw material,31,resources.cut_gem,generated cut-gem family,,132,13,2,256,1664,128,128,132,132
cut_pyrope,Cut Pyrope,Resource,Raw material,32,resources.cut_gem,generated cut-gem family,,133,13,3,384,1664,128,128,133,133
cut_glacial_diamond,Cut Glacial Diamond,Resource,Raw material,33,resources.cut_gem,generated cut-gem family,,134,13,4,512,1664,128,128,134,134
cut_primordial_gem,Cut Primordial Gem,Resource,Raw material,34,resources.cut_gem,generated cut-gem family,,135,13,5,640,1664,128,128,135,135
copper_mana,Copper Mana,Resource,Raw material,1,resources.mana,generated mana family,,136,13,6,768,1664,128,128,136,136
iron_mana,Iron Mana,Resource,Raw material,2,resources.mana,generated mana family,,137,13,7,896,1664,128,128,137,137
silver_mana,Silver Mana,Resource,Raw material,3,resources.mana,generated mana family,,138,13,8,1024,1664,128,128,138,138
gold_mana,Gold Mana,Resource,Raw material,4,resources.mana,generated mana family,,139,13,9,1152,1664,128,128,139,139
mythril_mana,Mythril Mana,Resource,Raw material,5,resources.mana,generated mana family,,140,14,0,0,1792,128,128,140,140
starsteel_mana,Starsteel Mana,Resource,Raw material,6,resources.mana,generated mana family,,141,14,1,128,1792,128,128,141,141
obsidian_mana,Obsidian Mana,Resource,Raw material,7,resources.mana,generated mana family,,142,14,2,256,1792,128,128,142,142
runite_mana,Runite Mana,Resource,Raw material,8,resources.mana,generated mana family,,143,14,3,384,1792,128,128,143,143
dragonsteel_mana,Dragonsteel Mana,Resource,Raw material,9,resources.mana,generated mana family,,144,14,4,512,1792,128,128,144,144
aethersteel_mana,Aethersteel Mana,Resource,Raw material,10,resources.mana,generated mana family,,145,14,5,640,1792,128,128,145,145
voidiron_mana,Voidiron Mana,Resource,Raw material,11,resources.mana,generated mana family,,146,14,6,768,1792,128,128,146,146
celestium_mana,Celestium Mana,Resource,Raw material,12,resources.mana,generated mana family,,147,14,7,896,1792,128,128,147,147
bloodstone_mana,Bloodstone Mana,Resource,Raw material,13,resources.mana,generated mana family,,148,14,8,1024,1792,128,128,148,148
moonsteel_mana,Moonsteel Mana,Resource,Raw material,14,resources.mana,generated mana family,,149,14,9,1152,1792,128,128,149,149
sunforged_mana,Sunforged Mana,Resource,Raw material,15,resources.mana,generated mana family,,150,15,0,0,1920,128,128,150,150
netherite_mana,Netherite Mana,Resource,Raw material,16,resources.mana,generated mana family,,151,15,1,128,1920,128,128,151,151
stormglass_mana,Stormglass Mana,Resource,Raw material,17,resources.mana,generated mana family,,152,15,2,256,1920,128,128,152,152
kingssteel_mana,Kingssteel Mana,Resource,Raw material,18,resources.mana,generated mana family,,153,15,3,384,1920,128,128,153,153
eternium_mana,Eternium Mana,Resource,Raw material,19,resources.mana,generated mana family,,154,15,4,512,1920,128,128,154,154
astralium_mana,Astralium Mana,Resource,Raw material,20,resources.mana,generated mana family,,155,15,5,640,1920,128,128,155,155
gravite_mana,Gravite Mana,Resource,Raw material,21,resources.mana,generated mana family,,156,15,6,768,1920,128,128,156,156
frostiron_mana,Frostiron Mana,Resource,Raw material,22,resources.mana,generated mana family,,157,15,7,896,1920,128,128,157,157
dusksteel_mana,Dusksteel Mana,Resource,Raw material,23,resources.mana,generated mana family,,158,15,8,1024,1920,128,128,158,158
titanium_mana,Titanium Mana,Resource,Raw material,24,resources.mana,generated mana family,,159,15,9,1152,1920,128,128,159,159
skysteel_mana,Skysteel Mana,Resource,Raw material,25,resources.mana,generated mana family,,160,16,0,0,2048,128,128,160,160
emberium_mana,Emberium Mana,Resource,Raw material,26,resources.mana,generated mana family,,161,16,1,128,2048,128,128,161,161
soulsteel_mana,Soulsteel Mana,Resource,Raw material,27,resources.mana,generated mana family,,162,16,2,256,2048,128,128,162,162
chronite_mana,Chronite Mana,Resource,Raw material,28,resources.mana,generated mana family,,163,16,3,384,2048,128,128,163,163
worldforge_mana,Worldforge Mana,Resource,Raw material,29,resources.mana,generated mana family,,164,16,4,512,2048,128,128,164,164
voidglass_mana,Voidglass Mana,Resource,Raw material,30,resources.mana,generated mana family,,165,16,5,640,2048,128,128,165,165
thalassic_mana,Thalassic Mana,Resource,Raw material,31,resources.mana,generated mana family,,166,16,6,768,2048,128,128,166,166
ashspire_mana,Ashspire Mana,Resource,Raw material,32,resources.mana,generated mana family,,167,16,7,896,2048,128,128,167,167
glacirite_mana,Glacirite Mana,Resource,Raw material,33,resources.mana,generated mana family,,168,16,8,1024,2048,128,128,168,168
primordite_mana,Primordite Mana,Resource,Raw material,34,resources.mana,generated mana family,,169,16,9,1152,2048,128,128,169,169
ruby,Ruby,Resource,Raw Gem,1,resources.raw_gem,generated raw-gem family,,170,17,0,0,2176,128,128,170,170
garnet,Garnet,Resource,Raw Gem,2,resources.raw_gem,generated raw-gem family,,171,17,1,128,2176,128,128,171,171
amethyst,Amethyst,Resource,Raw Gem,3,resources.raw_gem,generated raw-gem family,,172,17,2,256,2176,128,128,172,172
topaz,Topaz,Resource,Raw Gem,4,resources.raw_gem,generated raw-gem family,,173,17,3,384,2176,128,128,173,173
peridot,Peridot,Resource,Raw Gem,5,resources.raw_gem,generated raw-gem family,,174,17,4,512,2176,128,128,174,174
aquamarine,Aquamarine,Resource,Raw Gem,6,resources.raw_gem,generated raw-gem family,,175,17,5,640,2176,128,128,175,175
onyx,Onyx,Resource,Raw Gem,7,resources.raw_gem,generated raw-gem family,,176,17,6,768,2176,128,128,176,176
jade,Jade,Resource,Raw Gem,8,resources.raw_gem,generated raw-gem family,,177,17,7,896,2176,128,128,177,177
sapphire,Sapphire,Resource,Raw Gem,9,resources.raw_gem,generated raw-gem family,,178,17,8,1024,2176,128,128,178,178
opal,Opal,Resource,Raw Gem,10,resources.raw_gem,generated raw-gem family,,179,17,9,1152,2176,128,128,179,179
alexandrite,Alexandrite,Resource,Raw Gem,11,resources.raw_gem,generated raw-gem family,,180,18,0,0,2304,128,128,180,180
citrine,Citrine,Resource,Raw Gem,12,resources.raw_gem,generated raw-gem family,,181,18,1,128,2304,128,128,181,181
spinel,Spinel,Resource,Raw Gem,13,resources.raw_gem,generated raw-gem family,,182,18,2,256,2304,128,128,182,182
moonstone,Moonstone,Resource,Raw Gem,14,resources.raw_gem,generated raw-gem family,,183,18,3,384,2304,128,128,183,183
sunstone,Sunstone,Resource,Raw Gem,15,resources.raw_gem,generated raw-gem family,,184,18,4,512,2304,128,128,184,184
tanzanite,Tanzanite,Resource,Raw Gem,16,resources.raw_gem,generated raw-gem family,,185,18,5,640,2304,128,128,185,185
tourmaline,Tourmaline,Resource,Raw Gem,17,resources.raw_gem,generated raw-gem family,,186,18,6,768,2304,128,128,186,186
zircon,Zircon,Resource,Raw Gem,18,resources.raw_gem,generated raw-gem family,,187,18,7,896,2304,128,128,187,187
lapis,Lapis,Resource,Raw Gem,19,resources.raw_gem,generated raw-gem family,,188,18,8,1024,2304,128,128,188,188
labradorite,Labradorite,Resource,Raw Gem,20,resources.raw_gem,generated raw-gem family,,189,18,9,1152,2304,128,128,189,189
malachite,Malachite,Resource,Raw Gem,21,resources.raw_gem,generated raw-gem family,,190,19,0,0,2432,128,128,190,190
howlite,Howlite,Resource,Raw Gem,22,resources.raw_gem,generated raw-gem family,,191,19,1,128,2432,128,128,191,191
shadow_pearl,Shadow Pearl,Resource,Raw Gem,23,resources.raw_gem,generated raw-gem family,,192,19,2,256,2432,128,128,192,192
celestite,Celestite,Resource,Raw Gem,24,resources.raw_gem,generated raw-gem family,,193,19,3,384,2432,128,128,193,193
azurite,Azurite,Resource,Raw Gem,25,resources.raw_gem,generated raw-gem family,,194,19,4,512,2432,128,128,194,194
cinnabar,Cinnabar,Resource,Raw Gem,26,resources.raw_gem,generated raw-gem family,,195,19,5,640,2432,128,128,195,195
phantom_quartz,Phantom Quartz,Resource,Raw Gem,27,resources.raw_gem,generated raw-gem family,,196,19,6,768,2432,128,128,196,196
sphene,Sphene,Resource,Raw Gem,28,resources.raw_gem,generated raw-gem family,,197,19,7,896,2432,128,128,197,197
heliodor,Heliodor,Resource,Raw Gem,29,resources.raw_gem,generated raw-gem family,,198,19,8,1024,2432,128,128,198,198
void_crystal,Void Crystal,Resource,Raw Gem,30,resources.raw_gem,generated raw-gem family,,199,19,9,1152,2432,128,128,199,199
abyssal_pearl,Abyssal Pearl,Resource,Raw Gem,31,resources.raw_gem,generated raw-gem family,,200,20,0,0,2560,128,128,200,200
pyrope,Pyrope,Resource,Raw Gem,32,resources.raw_gem,generated raw-gem family,,201,20,1,128,2560,128,128,201,201
glacial_diamond,Glacial Diamond,Resource,Raw Gem,33,resources.raw_gem,generated raw-gem family,,202,20,2,256,2560,128,128,202,202
primordial_gem,Primordial Gem,Resource,Raw Gem,34,resources.raw_gem,generated raw-gem family,,203,20,3,384,2560,128,128,203,203
copper_bar,Copper Bar,Processed,Crafting material,1,processed.bar,supplied ingot sheet / generated tier 33-34,,204,20,4,512,2560,128,128,204,204
iron_bar,Iron Bar,Processed,Crafting material,2,processed.bar,supplied ingot sheet / generated tier 33-34,,205,20,5,640,2560,128,128,205,205
silver_bar,Silver Bar,Processed,Crafting material,3,processed.bar,supplied ingot sheet / generated tier 33-34,,206,20,6,768,2560,128,128,206,206
gold_bar,Gold Bar,Processed,Crafting material,4,processed.bar,supplied ingot sheet / generated tier 33-34,,207,20,7,896,2560,128,128,207,207
mythril_bar,Mythril Bar,Processed,Crafting material,5,processed.bar,supplied ingot sheet / generated tier 33-34,,208,20,8,1024,2560,128,128,208,208
starsteel_bar,Starsteel Bar,Processed,Crafting material,6,processed.bar,supplied ingot sheet / generated tier 33-34,,209,20,9,1152,2560,128,128,209,209
obsidian_bar,Obsidian Bar,Processed,Crafting material,7,processed.bar,supplied ingot sheet / generated tier 33-34,,210,21,0,0,2688,128,128,210,210
runite_bar,Runite Bar,Processed,Crafting material,8,processed.bar,supplied ingot sheet / generated tier 33-34,,211,21,1,128,2688,128,128,211,211
dragonsteel_bar,Dragonsteel Bar,Processed,Crafting material,9,processed.bar,supplied ingot sheet / generated tier 33-34,,212,21,2,256,2688,128,128,212,212
aethersteel_bar,Aethersteel Bar,Processed,Crafting material,10,processed.bar,supplied ingot sheet / generated tier 33-34,,213,21,3,384,2688,128,128,213,213
voidiron_bar,Voidiron Bar,Processed,Crafting material,11,processed.bar,supplied ingot sheet / generated tier 33-34,,214,21,4,512,2688,128,128,214,214
celestium_bar,Celestium Bar,Processed,Crafting material,12,processed.bar,supplied ingot sheet / generated tier 33-34,,215,21,5,640,2688,128,128,215,215
bloodstone_bar,Bloodstone Bar,Processed,Crafting material,13,processed.bar,supplied ingot sheet / generated tier 33-34,,216,21,6,768,2688,128,128,216,216
moonsteel_bar,Moonsteel Bar,Processed,Crafting material,14,processed.bar,supplied ingot sheet / generated tier 33-34,,217,21,7,896,2688,128,128,217,217
sunforged_bar,Sunforged Bar,Processed,Crafting material,15,processed.bar,supplied ingot sheet / generated tier 33-34,,218,21,8,1024,2688,128,128,218,218
netherite_bar,Netherite Bar,Processed,Crafting material,16,processed.bar,supplied ingot sheet / generated tier 33-34,,219,21,9,1152,2688,128,128,219,219
stormglass_bar,Stormglass Bar,Processed,Crafting material,17,processed.bar,supplied ingot sheet / generated tier 33-34,,220,22,0,0,2816,128,128,220,220
kingssteel_bar,Kingssteel Bar,Processed,Crafting material,18,processed.bar,supplied ingot sheet / generated tier 33-34,,221,22,1,128,2816,128,128,221,221
eternium_bar,Eternium Bar,Processed,Crafting material,19,processed.bar,supplied ingot sheet / generated tier 33-34,,222,22,2,256,2816,128,128,222,222
astralium_bar,Astralium Bar,Processed,Crafting material,20,processed.bar,supplied ingot sheet / generated tier 33-34,,223,22,3,384,2816,128,128,223,223
gravite_bar,Gravite Bar,Processed,Crafting material,21,processed.bar,supplied ingot sheet / generated tier 33-34,,224,22,4,512,2816,128,128,224,224
frostiron_bar,Frostiron Bar,Processed,Crafting material,22,processed.bar,supplied ingot sheet / generated tier 33-34,,225,22,5,640,2816,128,128,225,225
dusksteel_bar,Dusksteel Bar,Processed,Crafting material,23,processed.bar,supplied ingot sheet / generated tier 33-34,,226,22,6,768,2816,128,128,226,226
titanium_bar,Titanium Bar,Processed,Crafting material,24,processed.bar,supplied ingot sheet / generated tier 33-34,,227,22,7,896,2816,128,128,227,227
skysteel_bar,Skysteel Bar,Processed,Crafting material,25,processed.bar,supplied ingot sheet / generated tier 33-34,,228,22,8,1024,2816,128,128,228,228
emberium_bar,Emberium Bar,Processed,Crafting material,26,processed.bar,supplied ingot sheet / generated tier 33-34,,229,22,9,1152,2816,128,128,229,229
soulsteel_bar,Soulsteel Bar,Processed,Crafting material,27,processed.bar,supplied ingot sheet / generated tier 33-34,,230,23,0,0,2944,128,128,230,230
chronite_bar,Chronite Bar,Processed,Crafting material,28,processed.bar,supplied ingot sheet / generated tier 33-34,,231,23,1,128,2944,128,128,231,231
worldforge_bar,Worldforge Bar,Processed,Crafting material,29,processed.bar,supplied ingot sheet / generated tier 33-34,,232,23,2,256,2944,128,128,232,232
voidglass_bar,Voidglass Bar,Processed,Crafting material,30,processed.bar,supplied ingot sheet / generated tier 33-34,,233,23,3,384,2944,128,128,233,233
thalassic_bar,Thalassic Bar,Processed,Crafting material,31,processed.bar,supplied ingot sheet / generated tier 33-34,,234,23,4,512,2944,128,128,234,234
ashspire_bar,Ashspire Bar,Processed,Crafting material,32,processed.bar,supplied ingot sheet / generated tier 33-34,,235,23,5,640,2944,128,128,235,235
glacirite_bar,Glacirite Bar,Processed,Crafting material,33,processed.bar,supplied ingot sheet / generated tier 33-34,,236,23,6,768,2944,128,128,236,236
primordite_bar,Primordite Bar,Processed,Crafting material,34,processed.bar,supplied ingot sheet / generated tier 33-34,,237,23,7,896,2944,128,128,237,237
cotton_cloth,Cotton Cloth,Processed,Crafting material,1,processed.cloth,generated cloth family,,238,23,8,1024,2944,128,128,238,238
flax_cloth,Flax Cloth,Processed,Crafting material,2,processed.cloth,generated cloth family,,239,23,9,1152,2944,128,128,239,239
wool_cloth,Wool Cloth,Processed,Crafting material,3,processed.cloth,generated cloth family,,240,24,0,0,3072,128,128,240,240
silk_cloth,Silk Cloth,Processed,Crafting material,4,processed.cloth,generated cloth family,,241,24,1,128,3072,128,128,241,241
mythril_silk_cloth,Mythril Silk Cloth,Processed,Crafting material,5,processed.cloth,generated cloth family,,242,24,2,256,3072,128,128,242,242
starweave_cloth,Starweave Cloth,Processed,Crafting material,6,processed.cloth,generated cloth family,,243,24,3,384,3072,128,128,243,243
shadowweave_cloth,Shadowweave Cloth,Processed,Crafting material,7,processed.cloth,generated cloth family,,244,24,4,512,3072,128,128,244,244
runic_thread_cloth,Runic Thread Cloth,Processed,Crafting material,8,processed.cloth,generated cloth family,,245,24,5,640,3072,128,128,245,245
dragonscale_silk_cloth,Dragonscale Silk Cloth,Processed,Crafting material,9,processed.cloth,generated cloth family,,246,24,6,768,3072,128,128,246,246
aether_silk_cloth,Aether Silk Cloth,Processed,Crafting material,10,processed.cloth,generated cloth family,,247,24,7,896,3072,128,128,247,247
void_thread_cloth,Void Thread Cloth,Processed,Crafting material,11,processed.cloth,generated cloth family,,248,24,8,1024,3072,128,128,248,248
celestial_silk_cloth,Celestial Silk Cloth,Processed,Crafting material,12,processed.cloth,generated cloth family,,249,24,9,1152,3072,128,128,249,249
bloodweave_cloth,Bloodweave Cloth,Processed,Crafting material,13,processed.cloth,generated cloth family,,250,25,0,0,3200,128,128,250,250
moonsilk_cloth,Moonsilk Cloth,Processed,Crafting material,14,processed.cloth,generated cloth family,,251,25,1,128,3200,128,128,251,251
sunweave_cloth,Sunweave Cloth,Processed,Crafting material,15,processed.cloth,generated cloth family,,252,25,2,256,3200,128,128,252,252
netherweave_cloth,Netherweave Cloth,Processed,Crafting material,16,processed.cloth,generated cloth family,,253,25,3,384,3200,128,128,253,253
stormsilk_cloth,Stormsilk Cloth,Processed,Crafting material,17,processed.cloth,generated cloth family,,254,25,4,512,3200,128,128,254,254
regal_silk_cloth,Regal Silk Cloth,Processed,Crafting material,18,processed.cloth,generated cloth family,,255,25,5,640,3200,128,128,255,255
eternal_weave_cloth,Eternal Weave Cloth,Processed,Crafting material,19,processed.cloth,generated cloth family,,256,25,6,768,3200,128,128,256,256
astral_silk_cloth,Astral Silk Cloth,Processed,Crafting material,20,processed.cloth,generated cloth family,,257,25,7,896,3200,128,128,257,257
gravity_weave_cloth,Gravity Weave Cloth,Processed,Crafting material,21,processed.cloth,generated cloth family,,258,25,8,1024,3200,128,128,258,258
frostweave_cloth,Frostweave Cloth,Processed,Crafting material,22,processed.cloth,generated cloth family,,259,25,9,1152,3200,128,128,259,259
duskweave_cloth,Duskweave Cloth,Processed,Crafting material,23,processed.cloth,generated cloth family,,260,26,0,0,3328,128,128,260,260
titanweave_cloth,Titanweave Cloth,Processed,Crafting material,24,processed.cloth,generated cloth family,,261,26,1,128,3328,128,128,261,261
skysilk_cloth,Skysilk Cloth,Processed,Crafting material,25,processed.cloth,generated cloth family,,262,26,2,256,3328,128,128,262,262
emberweave_cloth,Emberweave Cloth,Processed,Crafting material,26,processed.cloth,generated cloth family,,263,26,3,384,3328,128,128,263,263
soulweave_cloth,Soulweave Cloth,Processed,Crafting material,27,processed.cloth,generated cloth family,,264,26,4,512,3328,128,128,264,264
chronoweave_cloth,Chronoweave Cloth,Processed,Crafting material,28,processed.cloth,generated cloth family,,265,26,5,640,3328,128,128,265,265
worldweave_cloth,Worldweave Cloth,Processed,Crafting material,29,processed.cloth,generated cloth family,,266,26,6,768,3328,128,128,266,266
voidglass_silk_cloth,Voidglass Silk Cloth,Processed,Crafting material,30,processed.cloth,generated cloth family,,267,26,7,896,3328,128,128,267,267
abyssal_silk_cloth,Abyssal Silk Cloth,Processed,Crafting material,31,processed.cloth,generated cloth family,,268,26,8,1024,3328,128,128,268,268
ashweave_cloth,Ashweave Cloth,Processed,Crafting material,32,processed.cloth,generated cloth family,,269,26,9,1152,3328,128,128,269,269
glacial_silk_cloth,Glacial Silk Cloth,Processed,Crafting material,33,processed.cloth,generated cloth family,,270,27,0,0,3456,128,128,270,270
primordial_weave_cloth,Primordial Weave Cloth,Processed,Crafting material,34,processed.cloth,generated cloth family,,271,27,1,128,3456,128,128,271,271
salvage_material,Salvage Material,Processed,Crafting material,1,processed.salvage,generated utility archetype,,272,27,2,256,3456,128,128,272,272
rat_tail,Rat Tail,Trade Good,Trade good,1,trade.monster_drop,supplied indexed monster-drop sheet / generated tier 33-34,,273,27,3,384,3456,128,128,273,273
wolf_pelt,Wolf Pelt,Trade Good,Trade good,2,trade.monster_drop,supplied indexed monster-drop sheet / generated tier 33-34,,274,27,4,512,3456,128,128,274,274
boar_tusk,Boar Tusk,Trade Good,Trade good,3,trade.monster_drop,supplied indexed monster-drop sheet / generated tier 33-34,,275,27,5,640,3456,128,128,275,275
bandit_badge,Bandit Badge,Trade Good,Trade good,4,trade.monster_drop,supplied indexed monster-drop sheet / generated tier 33-34,,276,27,6,768,3456,128,128,276,276
sentinel_core,Sentinel Core,Trade Good,Trade good,5,trade.monster_drop,supplied indexed monster-drop sheet / generated tier 33-34,,277,27,7,896,3456,128,128,277,277
titan_shard,Titan Shard,Trade Good,Trade good,6,trade.monster_drop,supplied indexed monster-drop sheet / generated tier 33-34,,278,27,8,1024,3456,128,128,278,278
revenant_essence,Revenant Essence,Trade Good,Trade good,7,trade.monster_drop,supplied indexed monster-drop sheet / generated tier 33-34,,279,27,9,1152,3456,128,128,279,279
drake_scale,Drake Scale,Trade Good,Trade good,8,trade.monster_drop,supplied indexed monster-drop sheet / generated tier 33-34,,280,28,0,0,3584,128,128,280,280
warlord_seal,Warlord Seal,Trade Good,Trade good,9,trade.monster_drop,supplied indexed monster-drop sheet / generated tier 33-34,,281,28,1,128,3584,128,128,281,281
colossus_fragment,Colossus Fragment,Trade Good,Trade good,10,trade.monster_drop,supplied indexed monster-drop sheet / generated tier 33-34,,282,28,2,256,3584,128,128,282,282
wraith_shard,Wraith Shard,Trade Good,Trade good,11,trade.monster_drop,supplied indexed monster-drop sheet / generated tier 33-34,,283,28,3,384,3584,128,128,283,283
wyrm_fang,Wyrm Fang,Trade Good,Trade good,12,trade.monster_drop,supplied indexed monster-drop sheet / generated tier 33-34,,284,28,4,512,3584,128,128,284,284
reaper_sigil,Reaper Sigil,Trade Good,Trade good,13,trade.monster_drop,supplied indexed monster-drop sheet / generated tier 33-34,,285,28,5,640,3584,128,128,285,285
night_claw,Night Claw,Trade Good,Trade good,14,trade.monster_drop,supplied indexed monster-drop sheet / generated tier 33-34,,286,28,6,768,3584,128,128,286,286
phoenix_ash,Phoenix Ash,Trade Good,Trade good,15,trade.monster_drop,supplied indexed monster-drop sheet / generated tier 33-34,,287,28,7,896,3584,128,128,287,287
dreadguard_plate,Dreadguard Plate,Trade Good,Trade good,16,trade.monster_drop,supplied indexed monster-drop sheet / generated tier 33-34,,288,28,8,1024,3584,128,128,288,288
tempest_core,Tempest Core,Trade Good,Trade good,17,trade.monster_drop,supplied indexed monster-drop sheet / generated tier 33-34,,289,28,9,1152,3584,128,128,289,289
overlord_crest,Overlord Crest,Trade Good,Trade good,18,trade.monster_drop,supplied indexed monster-drop sheet / generated tier 33-34,,290,29,0,0,3712,128,128,290,290
ancient_relic,Ancient Relic,Trade Good,Trade good,19,trade.monster_drop,supplied indexed monster-drop sheet / generated tier 33-34,,291,29,1,128,3712,128,128,291,291
astral_lens,Astral Lens,Trade Good,Trade good,20,trade.monster_drop,supplied indexed monster-drop sheet / generated tier 33-34,,292,29,2,256,3712,128,128,292,292
juggernaut_rivet,Juggernaut Rivet,Trade Good,Trade good,21,trade.monster_drop,supplied indexed monster-drop sheet / generated tier 33-34,,293,29,3,384,3712,128,128,293,293
frostfiend_horn,Frostfiend Horn,Trade Good,Trade good,22,trade.monster_drop,supplied indexed monster-drop sheet / generated tier 33-34,,294,29,4,512,3712,128,128,294,294
shadelord_eye,Shadelord Eye,Trade Good,Trade good,23,trade.monster_drop,supplied indexed monster-drop sheet / generated tier 33-34,,295,29,5,640,3712,128,128,295,295
mammoth_tusk,Mammoth Tusk,Trade Good,Trade good,24,trade.monster_drop,supplied indexed monster-drop sheet / generated tier 33-34,,296,29,6,768,3712,128,128,296,296
skyserpent_scale,Skyserpent Scale,Trade Good,Trade good,25,trade.monster_drop,supplied indexed monster-drop sheet / generated tier 33-34,,297,29,7,896,3712,128,128,297,297
infernal_cinder,Infernal Cinder,Trade Good,Trade good,26,trade.monster_drop,supplied indexed monster-drop sheet / generated tier 33-34,,298,29,8,1024,3712,128,128,298,298
lich_phylactery,Lich Phylactery,Trade Good,Trade good,27,trade.monster_drop,supplied indexed monster-drop sheet / generated tier 33-34,,299,29,9,1152,3712,128,128,299,299
timekeeper_gear,Timekeeper Gear,Trade Good,Trade good,28,trade.monster_drop,supplied indexed monster-drop sheet / generated tier 33-34,,300,30,0,0,3840,128,128,300,300
forgemaster_heart,Forgemaster Heart,Trade Good,Trade good,29,trade.monster_drop,supplied indexed monster-drop sheet / generated tier 33-34,,301,30,1,128,3840,128,128,301,301
voidweaver_filament,Voidweaver Filament,Trade Good,Trade good,30,trade.monster_drop,supplied indexed monster-drop sheet / generated tier 33-34,,302,30,2,256,3840,128,128,302,302
mawkraken_ink,Mawkraken Ink,Trade Good,Trade good,31,trade.monster_drop,supplied indexed monster-drop sheet / generated tier 33-34,,303,30,3,384,3840,128,128,303,303
ashen_rune,Ashen Rune,Trade Good,Trade good,32,trade.monster_drop,supplied indexed monster-drop sheet / generated tier 33-34,,304,30,4,512,3840,128,128,304,304
glacial_heart,Glacial Heart,Trade Good,Trade good,33,trade.monster_drop,supplied indexed monster-drop sheet / generated tier 33-34,,305,30,5,640,3840,128,128,305,305
primordial_essence,Primordial Essence,Trade Good,Trade good,34,trade.monster_drop,supplied indexed monster-drop sheet / generated tier 33-34,,306,30,6,768,3840,128,128,306,306
cotton_remnant,Cotton Silkbind Thread,Trade Good,Trade good,1,trade.silkbind,generated Silkbind spool family,,307,30,7,896,3840,128,128,307,307
flax_remnant,Flax Silkbind Thread,Trade Good,Trade good,2,trade.silkbind,generated Silkbind spool family,,308,30,8,1024,3840,128,128,308,308
wool_remnant,Wool Silkbind Thread,Trade Good,Trade good,3,trade.silkbind,generated Silkbind spool family,,309,30,9,1152,3840,128,128,309,309
silk_remnant,Silk Silkbind Thread,Trade Good,Trade good,4,trade.silkbind,generated Silkbind spool family,,310,31,0,0,3968,128,128,310,310
mythril_silk_remnant,Mythril Silk Silkbind Thread,Trade Good,Trade good,5,trade.silkbind,generated Silkbind spool family,,311,31,1,128,3968,128,128,311,311
starweave_remnant,Starweave Silkbind Thread,Trade Good,Trade good,6,trade.silkbind,generated Silkbind spool family,,312,31,2,256,3968,128,128,312,312
shadowweave_remnant,Shadowweave Silkbind Thread,Trade Good,Trade good,7,trade.silkbind,generated Silkbind spool family,,313,31,3,384,3968,128,128,313,313
runic_thread_remnant,Runic Thread Silkbind Thread,Trade Good,Trade good,8,trade.silkbind,generated Silkbind spool family,,314,31,4,512,3968,128,128,314,314
dragonscale_silk_remnant,Dragonscale Silk Silkbind Thread,Trade Good,Trade good,9,trade.silkbind,generated Silkbind spool family,,315,31,5,640,3968,128,128,315,315
aether_silk_remnant,Aether Silk Silkbind Thread,Trade Good,Trade good,10,trade.silkbind,generated Silkbind spool family,,316,31,6,768,3968,128,128,316,316
void_thread_remnant,Void Thread Silkbind Thread,Trade Good,Trade good,11,trade.silkbind,generated Silkbind spool family,,317,31,7,896,3968,128,128,317,317
celestial_silk_remnant,Celestial Silk Silkbind Thread,Trade Good,Trade good,12,trade.silkbind,generated Silkbind spool family,,318,31,8,1024,3968,128,128,318,318
bloodweave_remnant,Bloodweave Silkbind Thread,Trade Good,Trade good,13,trade.silkbind,generated Silkbind spool family,,319,31,9,1152,3968,128,128,319,319
moonsilk_remnant,Moonsilk Silkbind Thread,Trade Good,Trade good,14,trade.silkbind,generated Silkbind spool family,,320,32,0,0,4096,128,128,320,320
sunweave_remnant,Sunweave Silkbind Thread,Trade Good,Trade good,15,trade.silkbind,generated Silkbind spool family,,321,32,1,128,4096,128,128,321,321
netherweave_remnant,Netherweave Silkbind Thread,Trade Good,Trade good,16,trade.silkbind,generated Silkbind spool family,,322,32,2,256,4096,128,128,322,322
stormsilk_remnant,Stormsilk Silkbind Thread,Trade Good,Trade good,17,trade.silkbind,generated Silkbind spool family,,323,32,3,384,4096,128,128,323,323
regal_silk_remnant,Regal Silk Silkbind Thread,Trade Good,Trade good,18,trade.silkbind,generated Silkbind spool family,,324,32,4,512,4096,128,128,324,324
eternal_weave_remnant,Eternal Weave Silkbind Thread,Trade Good,Trade good,19,trade.silkbind,generated Silkbind spool family,,325,32,5,640,4096,128,128,325,325
astral_silk_remnant,Astral Silk Silkbind Thread,Trade Good,Trade good,20,trade.silkbind,generated Silkbind spool family,,326,32,6,768,4096,128,128,326,326
gravity_weave_remnant,Gravity Weave Silkbind Thread,Trade Good,Trade good,21,trade.silkbind,generated Silkbind spool family,,327,32,7,896,4096,128,128,327,327
frostweave_remnant,Frostweave Silkbind Thread,Trade Good,Trade good,22,trade.silkbind,generated Silkbind spool family,,328,32,8,1024,4096,128,128,328,328
duskweave_remnant,Duskweave Silkbind Thread,Trade Good,Trade good,23,trade.silkbind,generated Silkbind spool family,,329,32,9,1152,4096,128,128,329,329
titanweave_remnant,Titanweave Silkbind Thread,Trade Good,Trade good,24,trade.silkbind,generated Silkbind spool family,,330,33,0,0,4224,128,128,330,330
skysilk_remnant,Skysilk Silkbind Thread,Trade Good,Trade good,25,trade.silkbind,generated Silkbind spool family,,331,33,1,128,4224,128,128,331,331
emberweave_remnant,Emberweave Silkbind Thread,Trade Good,Trade good,26,trade.silkbind,generated Silkbind spool family,,332,33,2,256,4224,128,128,332,332
soulweave_remnant,Soulweave Silkbind Thread,Trade Good,Trade good,27,trade.silkbind,generated Silkbind spool family,,333,33,3,384,4224,128,128,333,333
chronoweave_remnant,Chronoweave Silkbind Thread,Trade Good,Trade good,28,trade.silkbind,generated Silkbind spool family,,334,33,4,512,4224,128,128,334,334
worldweave_remnant,Worldweave Silkbind Thread,Trade Good,Trade good,29,trade.silkbind,generated Silkbind spool family,,335,33,5,640,4224,128,128,335,335
voidglass_silk_remnant,Voidglass Silk Silkbind Thread,Trade Good,Trade good,30,trade.silkbind,generated Silkbind spool family,,336,33,6,768,4224,128,128,336,336
abyssal_silk_remnant,Abyssal Silk Silkbind Thread,Trade Good,Trade good,31,trade.silkbind,generated Silkbind spool family,,337,33,7,896,4224,128,128,337,337
ashweave_remnant,Ashweave Silkbind Thread,Trade Good,Trade good,32,trade.silkbind,generated Silkbind spool family,,338,33,8,1024,4224,128,128,338,338
glacial_silk_remnant,Glacial Silk Silkbind Thread,Trade Good,Trade good,33,trade.silkbind,generated Silkbind spool family,,339,33,9,1152,4224,128,128,339,339
primordial_weave_remnant,Primordial Weave Silkbind Thread,Trade Good,Trade good,34,trade.silkbind,generated Silkbind spool family,,340,34,0,0,4352,128,128,340,340
trader_token,Trader's Token,Trade Good,Trade good,0,trade.token,generated utility archetype,,341,34,1,128,4352,128,128,341,341
copper_xp_potion,Copper XP Potion,Consumable,Potion,1,consumable.potion.xp,approved six-icon potion family,potion.standard.xp,342,34,2,256,4352,128,128,342,342
iron_xp_potion,Iron XP Potion,Consumable,Potion,2,consumable.potion.xp,approved six-icon potion family,potion.standard.xp,342,34,2,256,4352,128,128,342,343
silver_xp_potion,Silver XP Potion,Consumable,Potion,3,consumable.potion.xp,approved six-icon potion family,potion.standard.xp,342,34,2,256,4352,128,128,342,344
gold_xp_potion,Gold XP Potion,Consumable,Potion,4,consumable.potion.xp,approved six-icon potion family,potion.standard.xp,342,34,2,256,4352,128,128,342,345
mythril_xp_potion,Mythril XP Potion,Consumable,Potion,5,consumable.potion.xp,approved six-icon potion family,potion.standard.xp,342,34,2,256,4352,128,128,342,346
starsteel_xp_potion,Starsteel XP Potion,Consumable,Potion,6,consumable.potion.xp,approved six-icon potion family,potion.standard.xp,342,34,2,256,4352,128,128,342,347
obsidian_xp_potion,Obsidian XP Potion,Consumable,Potion,7,consumable.potion.xp,approved six-icon potion family,potion.standard.xp,342,34,2,256,4352,128,128,342,348
runite_xp_potion,Runite XP Potion,Consumable,Potion,8,consumable.potion.xp,approved six-icon potion family,potion.standard.xp,342,34,2,256,4352,128,128,342,349
dragonsteel_xp_potion,Dragonsteel XP Potion,Consumable,Potion,9,consumable.potion.xp,approved six-icon potion family,potion.standard.xp,342,34,2,256,4352,128,128,342,350
aethersteel_xp_potion,Aethersteel XP Potion,Consumable,Potion,10,consumable.potion.xp,approved six-icon potion family,potion.standard.xp,342,34,2,256,4352,128,128,342,351
voidiron_xp_potion,Voidiron XP Potion,Consumable,Potion,11,consumable.potion.xp,approved six-icon potion family,potion.standard.xp,342,34,2,256,4352,128,128,342,352
celestium_xp_potion,Celestium XP Potion,Consumable,Potion,12,consumable.potion.xp,approved six-icon potion family,potion.standard.xp,342,34,2,256,4352,128,128,342,353
bloodstone_xp_potion,Bloodstone XP Potion,Consumable,Potion,13,consumable.potion.xp,approved six-icon potion family,potion.standard.xp,342,34,2,256,4352,128,128,342,354
moonsteel_xp_potion,Moonsteel XP Potion,Consumable,Potion,14,consumable.potion.xp,approved six-icon potion family,potion.standard.xp,342,34,2,256,4352,128,128,342,355
sunforged_xp_potion,Sunforged XP Potion,Consumable,Potion,15,consumable.potion.xp,approved six-icon potion family,potion.standard.xp,342,34,2,256,4352,128,128,342,356
netherite_xp_potion,Netherite XP Potion,Consumable,Potion,16,consumable.potion.xp,approved six-icon potion family,potion.standard.xp,342,34,2,256,4352,128,128,342,357
stormglass_xp_potion,Stormglass XP Potion,Consumable,Potion,17,consumable.potion.xp,approved six-icon potion family,potion.standard.xp,342,34,2,256,4352,128,128,342,358
kingssteel_xp_potion,Kingssteel XP Potion,Consumable,Potion,18,consumable.potion.xp,approved six-icon potion family,potion.standard.xp,342,34,2,256,4352,128,128,342,359
eternium_xp_potion,Eternium XP Potion,Consumable,Potion,19,consumable.potion.xp,approved six-icon potion family,potion.standard.xp,342,34,2,256,4352,128,128,342,360
astralium_xp_potion,Astralium XP Potion,Consumable,Potion,20,consumable.potion.xp,approved six-icon potion family,potion.standard.xp,342,34,2,256,4352,128,128,342,361
gravite_xp_potion,Gravite XP Potion,Consumable,Potion,21,consumable.potion.xp,approved six-icon potion family,potion.standard.xp,342,34,2,256,4352,128,128,342,362
frostiron_xp_potion,Frostiron XP Potion,Consumable,Potion,22,consumable.potion.xp,approved six-icon potion family,potion.standard.xp,342,34,2,256,4352,128,128,342,363
dusksteel_xp_potion,Dusksteel XP Potion,Consumable,Potion,23,consumable.potion.xp,approved six-icon potion family,potion.standard.xp,342,34,2,256,4352,128,128,342,364
titanium_xp_potion,Titanium XP Potion,Consumable,Potion,24,consumable.potion.xp,approved six-icon potion family,potion.standard.xp,342,34,2,256,4352,128,128,342,365
skysteel_xp_potion,Skysteel XP Potion,Consumable,Potion,25,consumable.potion.xp,approved six-icon potion family,potion.standard.xp,342,34,2,256,4352,128,128,342,366
emberium_xp_potion,Emberium XP Potion,Consumable,Potion,26,consumable.potion.xp,approved six-icon potion family,potion.standard.xp,342,34,2,256,4352,128,128,342,367
soulsteel_xp_potion,Soulsteel XP Potion,Consumable,Potion,27,consumable.potion.xp,approved six-icon potion family,potion.standard.xp,342,34,2,256,4352,128,128,342,368
chronite_xp_potion,Chronite XP Potion,Consumable,Potion,28,consumable.potion.xp,approved six-icon potion family,potion.standard.xp,342,34,2,256,4352,128,128,342,369
worldforge_xp_potion,Worldforge XP Potion,Consumable,Potion,29,consumable.potion.xp,approved six-icon potion family,potion.standard.xp,342,34,2,256,4352,128,128,342,370
voidglass_xp_potion,Voidglass XP Potion,Consumable,Potion,30,consumable.potion.xp,approved six-icon potion family,potion.standard.xp,342,34,2,256,4352,128,128,342,371
thalassic_xp_potion,Thalassic XP Potion,Consumable,Potion,31,consumable.potion.xp,approved six-icon potion family,potion.standard.xp,342,34,2,256,4352,128,128,342,372
ashspire_xp_potion,Ashspire XP Potion,Consumable,Potion,32,consumable.potion.xp,approved six-icon potion family,potion.standard.xp,342,34,2,256,4352,128,128,342,373
glacirite_xp_potion,Glacirite XP Potion,Consumable,Potion,33,consumable.potion.xp,approved six-icon potion family,potion.standard.xp,342,34,2,256,4352,128,128,342,374
primordite_xp_potion,Primordite XP Potion,Consumable,Potion,34,consumable.potion.xp,approved six-icon potion family,potion.standard.xp,342,34,2,256,4352,128,128,342,375
copper_atk_potion,Copper ATK Potion,Consumable,Potion,1,consumable.potion.atk,approved six-icon potion family,potion.standard.atk,343,34,3,384,4352,128,128,343,376
iron_atk_potion,Iron ATK Potion,Consumable,Potion,2,consumable.potion.atk,approved six-icon potion family,potion.standard.atk,343,34,3,384,4352,128,128,343,377
silver_atk_potion,Silver ATK Potion,Consumable,Potion,3,consumable.potion.atk,approved six-icon potion family,potion.standard.atk,343,34,3,384,4352,128,128,343,378
gold_atk_potion,Gold ATK Potion,Consumable,Potion,4,consumable.potion.atk,approved six-icon potion family,potion.standard.atk,343,34,3,384,4352,128,128,343,379
mythril_atk_potion,Mythril ATK Potion,Consumable,Potion,5,consumable.potion.atk,approved six-icon potion family,potion.standard.atk,343,34,3,384,4352,128,128,343,380
starsteel_atk_potion,Starsteel ATK Potion,Consumable,Potion,6,consumable.potion.atk,approved six-icon potion family,potion.standard.atk,343,34,3,384,4352,128,128,343,381
obsidian_atk_potion,Obsidian ATK Potion,Consumable,Potion,7,consumable.potion.atk,approved six-icon potion family,potion.standard.atk,343,34,3,384,4352,128,128,343,382
runite_atk_potion,Runite ATK Potion,Consumable,Potion,8,consumable.potion.atk,approved six-icon potion family,potion.standard.atk,343,34,3,384,4352,128,128,343,383
dragonsteel_atk_potion,Dragonsteel ATK Potion,Consumable,Potion,9,consumable.potion.atk,approved six-icon potion family,potion.standard.atk,343,34,3,384,4352,128,128,343,384
aethersteel_atk_potion,Aethersteel ATK Potion,Consumable,Potion,10,consumable.potion.atk,approved six-icon potion family,potion.standard.atk,343,34,3,384,4352,128,128,343,385
voidiron_atk_potion,Voidiron ATK Potion,Consumable,Potion,11,consumable.potion.atk,approved six-icon potion family,potion.standard.atk,343,34,3,384,4352,128,128,343,386
celestium_atk_potion,Celestium ATK Potion,Consumable,Potion,12,consumable.potion.atk,approved six-icon potion family,potion.standard.atk,343,34,3,384,4352,128,128,343,387
bloodstone_atk_potion,Bloodstone ATK Potion,Consumable,Potion,13,consumable.potion.atk,approved six-icon potion family,potion.standard.atk,343,34,3,384,4352,128,128,343,388
moonsteel_atk_potion,Moonsteel ATK Potion,Consumable,Potion,14,consumable.potion.atk,approved six-icon potion family,potion.standard.atk,343,34,3,384,4352,128,128,343,389
sunforged_atk_potion,Sunforged ATK Potion,Consumable,Potion,15,consumable.potion.atk,approved six-icon potion family,potion.standard.atk,343,34,3,384,4352,128,128,343,390
netherite_atk_potion,Netherite ATK Potion,Consumable,Potion,16,consumable.potion.atk,approved six-icon potion family,potion.standard.atk,343,34,3,384,4352,128,128,343,391
stormglass_atk_potion,Stormglass ATK Potion,Consumable,Potion,17,consumable.potion.atk,approved six-icon potion family,potion.standard.atk,343,34,3,384,4352,128,128,343,392
kingssteel_atk_potion,Kingssteel ATK Potion,Consumable,Potion,18,consumable.potion.atk,approved six-icon potion family,potion.standard.atk,343,34,3,384,4352,128,128,343,393
eternium_atk_potion,Eternium ATK Potion,Consumable,Potion,19,consumable.potion.atk,approved six-icon potion family,potion.standard.atk,343,34,3,384,4352,128,128,343,394
astralium_atk_potion,Astralium ATK Potion,Consumable,Potion,20,consumable.potion.atk,approved six-icon potion family,potion.standard.atk,343,34,3,384,4352,128,128,343,395
gravite_atk_potion,Gravite ATK Potion,Consumable,Potion,21,consumable.potion.atk,approved six-icon potion family,potion.standard.atk,343,34,3,384,4352,128,128,343,396
frostiron_atk_potion,Frostiron ATK Potion,Consumable,Potion,22,consumable.potion.atk,approved six-icon potion family,potion.standard.atk,343,34,3,384,4352,128,128,343,397
dusksteel_atk_potion,Dusksteel ATK Potion,Consumable,Potion,23,consumable.potion.atk,approved six-icon potion family,potion.standard.atk,343,34,3,384,4352,128,128,343,398
titanium_atk_potion,Titanium ATK Potion,Consumable,Potion,24,consumable.potion.atk,approved six-icon potion family,potion.standard.atk,343,34,3,384,4352,128,128,343,399
skysteel_atk_potion,Skysteel ATK Potion,Consumable,Potion,25,consumable.potion.atk,approved six-icon potion family,potion.standard.atk,343,34,3,384,4352,128,128,343,400
emberium_atk_potion,Emberium ATK Potion,Consumable,Potion,26,consumable.potion.atk,approved six-icon potion family,potion.standard.atk,343,34,3,384,4352,128,128,343,401
soulsteel_atk_potion,Soulsteel ATK Potion,Consumable,Potion,27,consumable.potion.atk,approved six-icon potion family,potion.standard.atk,343,34,3,384,4352,128,128,343,402
chronite_atk_potion,Chronite ATK Potion,Consumable,Potion,28,consumable.potion.atk,approved six-icon potion family,potion.standard.atk,343,34,3,384,4352,128,128,343,403
worldforge_atk_potion,Worldforge ATK Potion,Consumable,Potion,29,consumable.potion.atk,approved six-icon potion family,potion.standard.atk,343,34,3,384,4352,128,128,343,404
voidglass_atk_potion,Voidglass ATK Potion,Consumable,Potion,30,consumable.potion.atk,approved six-icon potion family,potion.standard.atk,343,34,3,384,4352,128,128,343,405
thalassic_atk_potion,Thalassic ATK Potion,Consumable,Potion,31,consumable.potion.atk,approved six-icon potion family,potion.standard.atk,343,34,3,384,4352,128,128,343,406
ashspire_atk_potion,Ashspire ATK Potion,Consumable,Potion,32,consumable.potion.atk,approved six-icon potion family,potion.standard.atk,343,34,3,384,4352,128,128,343,407
glacirite_atk_potion,Glacirite ATK Potion,Consumable,Potion,33,consumable.potion.atk,approved six-icon potion family,potion.standard.atk,343,34,3,384,4352,128,128,343,408
primordite_atk_potion,Primordite ATK Potion,Consumable,Potion,34,consumable.potion.atk,approved six-icon potion family,potion.standard.atk,343,34,3,384,4352,128,128,343,409
copper_def_potion,Copper DEF Potion,Consumable,Potion,1,consumable.potion.def,approved six-icon potion family,potion.standard.def,344,34,4,512,4352,128,128,344,410
iron_def_potion,Iron DEF Potion,Consumable,Potion,2,consumable.potion.def,approved six-icon potion family,potion.standard.def,344,34,4,512,4352,128,128,344,411
silver_def_potion,Silver DEF Potion,Consumable,Potion,3,consumable.potion.def,approved six-icon potion family,potion.standard.def,344,34,4,512,4352,128,128,344,412
gold_def_potion,Gold DEF Potion,Consumable,Potion,4,consumable.potion.def,approved six-icon potion family,potion.standard.def,344,34,4,512,4352,128,128,344,413
mythril_def_potion,Mythril DEF Potion,Consumable,Potion,5,consumable.potion.def,approved six-icon potion family,potion.standard.def,344,34,4,512,4352,128,128,344,414
starsteel_def_potion,Starsteel DEF Potion,Consumable,Potion,6,consumable.potion.def,approved six-icon potion family,potion.standard.def,344,34,4,512,4352,128,128,344,415
obsidian_def_potion,Obsidian DEF Potion,Consumable,Potion,7,consumable.potion.def,approved six-icon potion family,potion.standard.def,344,34,4,512,4352,128,128,344,416
runite_def_potion,Runite DEF Potion,Consumable,Potion,8,consumable.potion.def,approved six-icon potion family,potion.standard.def,344,34,4,512,4352,128,128,344,417
dragonsteel_def_potion,Dragonsteel DEF Potion,Consumable,Potion,9,consumable.potion.def,approved six-icon potion family,potion.standard.def,344,34,4,512,4352,128,128,344,418
aethersteel_def_potion,Aethersteel DEF Potion,Consumable,Potion,10,consumable.potion.def,approved six-icon potion family,potion.standard.def,344,34,4,512,4352,128,128,344,419
voidiron_def_potion,Voidiron DEF Potion,Consumable,Potion,11,consumable.potion.def,approved six-icon potion family,potion.standard.def,344,34,4,512,4352,128,128,344,420
celestium_def_potion,Celestium DEF Potion,Consumable,Potion,12,consumable.potion.def,approved six-icon potion family,potion.standard.def,344,34,4,512,4352,128,128,344,421
bloodstone_def_potion,Bloodstone DEF Potion,Consumable,Potion,13,consumable.potion.def,approved six-icon potion family,potion.standard.def,344,34,4,512,4352,128,128,344,422
moonsteel_def_potion,Moonsteel DEF Potion,Consumable,Potion,14,consumable.potion.def,approved six-icon potion family,potion.standard.def,344,34,4,512,4352,128,128,344,423
sunforged_def_potion,Sunforged DEF Potion,Consumable,Potion,15,consumable.potion.def,approved six-icon potion family,potion.standard.def,344,34,4,512,4352,128,128,344,424
netherite_def_potion,Netherite DEF Potion,Consumable,Potion,16,consumable.potion.def,approved six-icon potion family,potion.standard.def,344,34,4,512,4352,128,128,344,425
stormglass_def_potion,Stormglass DEF Potion,Consumable,Potion,17,consumable.potion.def,approved six-icon potion family,potion.standard.def,344,34,4,512,4352,128,128,344,426
kingssteel_def_potion,Kingssteel DEF Potion,Consumable,Potion,18,consumable.potion.def,approved six-icon potion family,potion.standard.def,344,34,4,512,4352,128,128,344,427
eternium_def_potion,Eternium DEF Potion,Consumable,Potion,19,consumable.potion.def,approved six-icon potion family,potion.standard.def,344,34,4,512,4352,128,128,344,428
astralium_def_potion,Astralium DEF Potion,Consumable,Potion,20,consumable.potion.def,approved six-icon potion family,potion.standard.def,344,34,4,512,4352,128,128,344,429
gravite_def_potion,Gravite DEF Potion,Consumable,Potion,21,consumable.potion.def,approved six-icon potion family,potion.standard.def,344,34,4,512,4352,128,128,344,430
frostiron_def_potion,Frostiron DEF Potion,Consumable,Potion,22,consumable.potion.def,approved six-icon potion family,potion.standard.def,344,34,4,512,4352,128,128,344,431
dusksteel_def_potion,Dusksteel DEF Potion,Consumable,Potion,23,consumable.potion.def,approved six-icon potion family,potion.standard.def,344,34,4,512,4352,128,128,344,432
titanium_def_potion,Titanium DEF Potion,Consumable,Potion,24,consumable.potion.def,approved six-icon potion family,potion.standard.def,344,34,4,512,4352,128,128,344,433
skysteel_def_potion,Skysteel DEF Potion,Consumable,Potion,25,consumable.potion.def,approved six-icon potion family,potion.standard.def,344,34,4,512,4352,128,128,344,434
emberium_def_potion,Emberium DEF Potion,Consumable,Potion,26,consumable.potion.def,approved six-icon potion family,potion.standard.def,344,34,4,512,4352,128,128,344,435
soulsteel_def_potion,Soulsteel DEF Potion,Consumable,Potion,27,consumable.potion.def,approved six-icon potion family,potion.standard.def,344,34,4,512,4352,128,128,344,436
chronite_def_potion,Chronite DEF Potion,Consumable,Potion,28,consumable.potion.def,approved six-icon potion family,potion.standard.def,344,34,4,512,4352,128,128,344,437
worldforge_def_potion,Worldforge DEF Potion,Consumable,Potion,29,consumable.potion.def,approved six-icon potion family,potion.standard.def,344,34,4,512,4352,128,128,344,438
voidglass_def_potion,Voidglass DEF Potion,Consumable,Potion,30,consumable.potion.def,approved six-icon potion family,potion.standard.def,344,34,4,512,4352,128,128,344,439
thalassic_def_potion,Thalassic DEF Potion,Consumable,Potion,31,consumable.potion.def,approved six-icon potion family,potion.standard.def,344,34,4,512,4352,128,128,344,440
ashspire_def_potion,Ashspire DEF Potion,Consumable,Potion,32,consumable.potion.def,approved six-icon potion family,potion.standard.def,344,34,4,512,4352,128,128,344,441
glacirite_def_potion,Glacirite DEF Potion,Consumable,Potion,33,consumable.potion.def,approved six-icon potion family,potion.standard.def,344,34,4,512,4352,128,128,344,442
primordite_def_potion,Primordite DEF Potion,Consumable,Potion,34,consumable.potion.def,approved six-icon potion family,potion.standard.def,344,34,4,512,4352,128,128,344,443
copper_xp_potion_super,Super Copper XP Potion,Consumable,Potion,1,consumable.potion.super_xp,approved six-icon potion family,potion.super.xp,345,34,5,640,4352,128,128,345,444
iron_xp_potion_super,Super Iron XP Potion,Consumable,Potion,2,consumable.potion.super_xp,approved six-icon potion family,potion.super.xp,345,34,5,640,4352,128,128,345,445
silver_xp_potion_super,Super Silver XP Potion,Consumable,Potion,3,consumable.potion.super_xp,approved six-icon potion family,potion.super.xp,345,34,5,640,4352,128,128,345,446
gold_xp_potion_super,Super Gold XP Potion,Consumable,Potion,4,consumable.potion.super_xp,approved six-icon potion family,potion.super.xp,345,34,5,640,4352,128,128,345,447
mythril_xp_potion_super,Super Mythril XP Potion,Consumable,Potion,5,consumable.potion.super_xp,approved six-icon potion family,potion.super.xp,345,34,5,640,4352,128,128,345,448
starsteel_xp_potion_super,Super Starsteel XP Potion,Consumable,Potion,6,consumable.potion.super_xp,approved six-icon potion family,potion.super.xp,345,34,5,640,4352,128,128,345,449
obsidian_xp_potion_super,Super Obsidian XP Potion,Consumable,Potion,7,consumable.potion.super_xp,approved six-icon potion family,potion.super.xp,345,34,5,640,4352,128,128,345,450
runite_xp_potion_super,Super Runite XP Potion,Consumable,Potion,8,consumable.potion.super_xp,approved six-icon potion family,potion.super.xp,345,34,5,640,4352,128,128,345,451
dragonsteel_xp_potion_super,Super Dragonsteel XP Potion,Consumable,Potion,9,consumable.potion.super_xp,approved six-icon potion family,potion.super.xp,345,34,5,640,4352,128,128,345,452
aethersteel_xp_potion_super,Super Aethersteel XP Potion,Consumable,Potion,10,consumable.potion.super_xp,approved six-icon potion family,potion.super.xp,345,34,5,640,4352,128,128,345,453
voidiron_xp_potion_super,Super Voidiron XP Potion,Consumable,Potion,11,consumable.potion.super_xp,approved six-icon potion family,potion.super.xp,345,34,5,640,4352,128,128,345,454
celestium_xp_potion_super,Super Celestium XP Potion,Consumable,Potion,12,consumable.potion.super_xp,approved six-icon potion family,potion.super.xp,345,34,5,640,4352,128,128,345,455
bloodstone_xp_potion_super,Super Bloodstone XP Potion,Consumable,Potion,13,consumable.potion.super_xp,approved six-icon potion family,potion.super.xp,345,34,5,640,4352,128,128,345,456
moonsteel_xp_potion_super,Super Moonsteel XP Potion,Consumable,Potion,14,consumable.potion.super_xp,approved six-icon potion family,potion.super.xp,345,34,5,640,4352,128,128,345,457
sunforged_xp_potion_super,Super Sunforged XP Potion,Consumable,Potion,15,consumable.potion.super_xp,approved six-icon potion family,potion.super.xp,345,34,5,640,4352,128,128,345,458
netherite_xp_potion_super,Super Netherite XP Potion,Consumable,Potion,16,consumable.potion.super_xp,approved six-icon potion family,potion.super.xp,345,34,5,640,4352,128,128,345,459
stormglass_xp_potion_super,Super Stormglass XP Potion,Consumable,Potion,17,consumable.potion.super_xp,approved six-icon potion family,potion.super.xp,345,34,5,640,4352,128,128,345,460
kingssteel_xp_potion_super,Super Kingssteel XP Potion,Consumable,Potion,18,consumable.potion.super_xp,approved six-icon potion family,potion.super.xp,345,34,5,640,4352,128,128,345,461
eternium_xp_potion_super,Super Eternium XP Potion,Consumable,Potion,19,consumable.potion.super_xp,approved six-icon potion family,potion.super.xp,345,34,5,640,4352,128,128,345,462
astralium_xp_potion_super,Super Astralium XP Potion,Consumable,Potion,20,consumable.potion.super_xp,approved six-icon potion family,potion.super.xp,345,34,5,640,4352,128,128,345,463
gravite_xp_potion_super,Super Gravite XP Potion,Consumable,Potion,21,consumable.potion.super_xp,approved six-icon potion family,potion.super.xp,345,34,5,640,4352,128,128,345,464
frostiron_xp_potion_super,Super Frostiron XP Potion,Consumable,Potion,22,consumable.potion.super_xp,approved six-icon potion family,potion.super.xp,345,34,5,640,4352,128,128,345,465
dusksteel_xp_potion_super,Super Dusksteel XP Potion,Consumable,Potion,23,consumable.potion.super_xp,approved six-icon potion family,potion.super.xp,345,34,5,640,4352,128,128,345,466
titanium_xp_potion_super,Super Titanium XP Potion,Consumable,Potion,24,consumable.potion.super_xp,approved six-icon potion family,potion.super.xp,345,34,5,640,4352,128,128,345,467
skysteel_xp_potion_super,Super Skysteel XP Potion,Consumable,Potion,25,consumable.potion.super_xp,approved six-icon potion family,potion.super.xp,345,34,5,640,4352,128,128,345,468
emberium_xp_potion_super,Super Emberium XP Potion,Consumable,Potion,26,consumable.potion.super_xp,approved six-icon potion family,potion.super.xp,345,34,5,640,4352,128,128,345,469
soulsteel_xp_potion_super,Super Soulsteel XP Potion,Consumable,Potion,27,consumable.potion.super_xp,approved six-icon potion family,potion.super.xp,345,34,5,640,4352,128,128,345,470
chronite_xp_potion_super,Super Chronite XP Potion,Consumable,Potion,28,consumable.potion.super_xp,approved six-icon potion family,potion.super.xp,345,34,5,640,4352,128,128,345,471
worldforge_xp_potion_super,Super Worldforge XP Potion,Consumable,Potion,29,consumable.potion.super_xp,approved six-icon potion family,potion.super.xp,345,34,5,640,4352,128,128,345,472
voidglass_xp_potion_super,Super Voidglass XP Potion,Consumable,Potion,30,consumable.potion.super_xp,approved six-icon potion family,potion.super.xp,345,34,5,640,4352,128,128,345,473
thalassic_xp_potion_super,Super Thalassic XP Potion,Consumable,Potion,31,consumable.potion.super_xp,approved six-icon potion family,potion.super.xp,345,34,5,640,4352,128,128,345,474
ashspire_xp_potion_super,Super Ashspire XP Potion,Consumable,Potion,32,consumable.potion.super_xp,approved six-icon potion family,potion.super.xp,345,34,5,640,4352,128,128,345,475
glacirite_xp_potion_super,Super Glacirite XP Potion,Consumable,Potion,33,consumable.potion.super_xp,approved six-icon potion family,potion.super.xp,345,34,5,640,4352,128,128,345,476
primordite_xp_potion_super,Super Primordite XP Potion,Consumable,Potion,34,consumable.potion.super_xp,approved six-icon potion family,potion.super.xp,345,34,5,640,4352,128,128,345,477
copper_atk_potion_super,Super Copper ATK Potion,Consumable,Potion,1,consumable.potion.super_atk,approved six-icon potion family,potion.super.atk,346,34,6,768,4352,128,128,346,478
iron_atk_potion_super,Super Iron ATK Potion,Consumable,Potion,2,consumable.potion.super_atk,approved six-icon potion family,potion.super.atk,346,34,6,768,4352,128,128,346,479
silver_atk_potion_super,Super Silver ATK Potion,Consumable,Potion,3,consumable.potion.super_atk,approved six-icon potion family,potion.super.atk,346,34,6,768,4352,128,128,346,480
gold_atk_potion_super,Super Gold ATK Potion,Consumable,Potion,4,consumable.potion.super_atk,approved six-icon potion family,potion.super.atk,346,34,6,768,4352,128,128,346,481
mythril_atk_potion_super,Super Mythril ATK Potion,Consumable,Potion,5,consumable.potion.super_atk,approved six-icon potion family,potion.super.atk,346,34,6,768,4352,128,128,346,482
starsteel_atk_potion_super,Super Starsteel ATK Potion,Consumable,Potion,6,consumable.potion.super_atk,approved six-icon potion family,potion.super.atk,346,34,6,768,4352,128,128,346,483
obsidian_atk_potion_super,Super Obsidian ATK Potion,Consumable,Potion,7,consumable.potion.super_atk,approved six-icon potion family,potion.super.atk,346,34,6,768,4352,128,128,346,484
runite_atk_potion_super,Super Runite ATK Potion,Consumable,Potion,8,consumable.potion.super_atk,approved six-icon potion family,potion.super.atk,346,34,6,768,4352,128,128,346,485
dragonsteel_atk_potion_super,Super Dragonsteel ATK Potion,Consumable,Potion,9,consumable.potion.super_atk,approved six-icon potion family,potion.super.atk,346,34,6,768,4352,128,128,346,486
aethersteel_atk_potion_super,Super Aethersteel ATK Potion,Consumable,Potion,10,consumable.potion.super_atk,approved six-icon potion family,potion.super.atk,346,34,6,768,4352,128,128,346,487
voidiron_atk_potion_super,Super Voidiron ATK Potion,Consumable,Potion,11,consumable.potion.super_atk,approved six-icon potion family,potion.super.atk,346,34,6,768,4352,128,128,346,488
celestium_atk_potion_super,Super Celestium ATK Potion,Consumable,Potion,12,consumable.potion.super_atk,approved six-icon potion family,potion.super.atk,346,34,6,768,4352,128,128,346,489
bloodstone_atk_potion_super,Super Bloodstone ATK Potion,Consumable,Potion,13,consumable.potion.super_atk,approved six-icon potion family,potion.super.atk,346,34,6,768,4352,128,128,346,490
moonsteel_atk_potion_super,Super Moonsteel ATK Potion,Consumable,Potion,14,consumable.potion.super_atk,approved six-icon potion family,potion.super.atk,346,34,6,768,4352,128,128,346,491
sunforged_atk_potion_super,Super Sunforged ATK Potion,Consumable,Potion,15,consumable.potion.super_atk,approved six-icon potion family,potion.super.atk,346,34,6,768,4352,128,128,346,492
netherite_atk_potion_super,Super Netherite ATK Potion,Consumable,Potion,16,consumable.potion.super_atk,approved six-icon potion family,potion.super.atk,346,34,6,768,4352,128,128,346,493
stormglass_atk_potion_super,Super Stormglass ATK Potion,Consumable,Potion,17,consumable.potion.super_atk,approved six-icon potion family,potion.super.atk,346,34,6,768,4352,128,128,346,494
kingssteel_atk_potion_super,Super Kingssteel ATK Potion,Consumable,Potion,18,consumable.potion.super_atk,approved six-icon potion family,potion.super.atk,346,34,6,768,4352,128,128,346,495
eternium_atk_potion_super,Super Eternium ATK Potion,Consumable,Potion,19,consumable.potion.super_atk,approved six-icon potion family,potion.super.atk,346,34,6,768,4352,128,128,346,496
astralium_atk_potion_super,Super Astralium ATK Potion,Consumable,Potion,20,consumable.potion.super_atk,approved six-icon potion family,potion.super.atk,346,34,6,768,4352,128,128,346,497
gravite_atk_potion_super,Super Gravite ATK Potion,Consumable,Potion,21,consumable.potion.super_atk,approved six-icon potion family,potion.super.atk,346,34,6,768,4352,128,128,346,498
frostiron_atk_potion_super,Super Frostiron ATK Potion,Consumable,Potion,22,consumable.potion.super_atk,approved six-icon potion family,potion.super.atk,346,34,6,768,4352,128,128,346,499
dusksteel_atk_potion_super,Super Dusksteel ATK Potion,Consumable,Potion,23,consumable.potion.super_atk,approved six-icon potion family,potion.super.atk,346,34,6,768,4352,128,128,346,500
titanium_atk_potion_super,Super Titanium ATK Potion,Consumable,Potion,24,consumable.potion.super_atk,approved six-icon potion family,potion.super.atk,346,34,6,768,4352,128,128,346,501
skysteel_atk_potion_super,Super Skysteel ATK Potion,Consumable,Potion,25,consumable.potion.super_atk,approved six-icon potion family,potion.super.atk,346,34,6,768,4352,128,128,346,502
emberium_atk_potion_super,Super Emberium ATK Potion,Consumable,Potion,26,consumable.potion.super_atk,approved six-icon potion family,potion.super.atk,346,34,6,768,4352,128,128,346,503
soulsteel_atk_potion_super,Super Soulsteel ATK Potion,Consumable,Potion,27,consumable.potion.super_atk,approved six-icon potion family,potion.super.atk,346,34,6,768,4352,128,128,346,504
chronite_atk_potion_super,Super Chronite ATK Potion,Consumable,Potion,28,consumable.potion.super_atk,approved six-icon potion family,potion.super.atk,346,34,6,768,4352,128,128,346,505
worldforge_atk_potion_super,Super Worldforge ATK Potion,Consumable,Potion,29,consumable.potion.super_atk,approved six-icon potion family,potion.super.atk,346,34,6,768,4352,128,128,346,506
voidglass_atk_potion_super,Super Voidglass ATK Potion,Consumable,Potion,30,consumable.potion.super_atk,approved six-icon potion family,potion.super.atk,346,34,6,768,4352,128,128,346,507
thalassic_atk_potion_super,Super Thalassic ATK Potion,Consumable,Potion,31,consumable.potion.super_atk,approved six-icon potion family,potion.super.atk,346,34,6,768,4352,128,128,346,508
ashspire_atk_potion_super,Super Ashspire ATK Potion,Consumable,Potion,32,consumable.potion.super_atk,approved six-icon potion family,potion.super.atk,346,34,6,768,4352,128,128,346,509
glacirite_atk_potion_super,Super Glacirite ATK Potion,Consumable,Potion,33,consumable.potion.super_atk,approved six-icon potion family,potion.super.atk,346,34,6,768,4352,128,128,346,510
primordite_atk_potion_super,Super Primordite ATK Potion,Consumable,Potion,34,consumable.potion.super_atk,approved six-icon potion family,potion.super.atk,346,34,6,768,4352,128,128,346,511
copper_def_potion_super,Super Copper DEF Potion,Consumable,Potion,1,consumable.potion.super_def,approved six-icon potion family,potion.super.def,347,34,7,896,4352,128,128,347,512
iron_def_potion_super,Super Iron DEF Potion,Consumable,Potion,2,consumable.potion.super_def,approved six-icon potion family,potion.super.def,347,34,7,896,4352,128,128,347,513
silver_def_potion_super,Super Silver DEF Potion,Consumable,Potion,3,consumable.potion.super_def,approved six-icon potion family,potion.super.def,347,34,7,896,4352,128,128,347,514
gold_def_potion_super,Super Gold DEF Potion,Consumable,Potion,4,consumable.potion.super_def,approved six-icon potion family,potion.super.def,347,34,7,896,4352,128,128,347,515
mythril_def_potion_super,Super Mythril DEF Potion,Consumable,Potion,5,consumable.potion.super_def,approved six-icon potion family,potion.super.def,347,34,7,896,4352,128,128,347,516
starsteel_def_potion_super,Super Starsteel DEF Potion,Consumable,Potion,6,consumable.potion.super_def,approved six-icon potion family,potion.super.def,347,34,7,896,4352,128,128,347,517
obsidian_def_potion_super,Super Obsidian DEF Potion,Consumable,Potion,7,consumable.potion.super_def,approved six-icon potion family,potion.super.def,347,34,7,896,4352,128,128,347,518
runite_def_potion_super,Super Runite DEF Potion,Consumable,Potion,8,consumable.potion.super_def,approved six-icon potion family,potion.super.def,347,34,7,896,4352,128,128,347,519
dragonsteel_def_potion_super,Super Dragonsteel DEF Potion,Consumable,Potion,9,consumable.potion.super_def,approved six-icon potion family,potion.super.def,347,34,7,896,4352,128,128,347,520
aethersteel_def_potion_super,Super Aethersteel DEF Potion,Consumable,Potion,10,consumable.potion.super_def,approved six-icon potion family,potion.super.def,347,34,7,896,4352,128,128,347,521
voidiron_def_potion_super,Super Voidiron DEF Potion,Consumable,Potion,11,consumable.potion.super_def,approved six-icon potion family,potion.super.def,347,34,7,896,4352,128,128,347,522
celestium_def_potion_super,Super Celestium DEF Potion,Consumable,Potion,12,consumable.potion.super_def,approved six-icon potion family,potion.super.def,347,34,7,896,4352,128,128,347,523
bloodstone_def_potion_super,Super Bloodstone DEF Potion,Consumable,Potion,13,consumable.potion.super_def,approved six-icon potion family,potion.super.def,347,34,7,896,4352,128,128,347,524
moonsteel_def_potion_super,Super Moonsteel DEF Potion,Consumable,Potion,14,consumable.potion.super_def,approved six-icon potion family,potion.super.def,347,34,7,896,4352,128,128,347,525
sunforged_def_potion_super,Super Sunforged DEF Potion,Consumable,Potion,15,consumable.potion.super_def,approved six-icon potion family,potion.super.def,347,34,7,896,4352,128,128,347,526
netherite_def_potion_super,Super Netherite DEF Potion,Consumable,Potion,16,consumable.potion.super_def,approved six-icon potion family,potion.super.def,347,34,7,896,4352,128,128,347,527
stormglass_def_potion_super,Super Stormglass DEF Potion,Consumable,Potion,17,consumable.potion.super_def,approved six-icon potion family,potion.super.def,347,34,7,896,4352,128,128,347,528
kingssteel_def_potion_super,Super Kingssteel DEF Potion,Consumable,Potion,18,consumable.potion.super_def,approved six-icon potion family,potion.super.def,347,34,7,896,4352,128,128,347,529
eternium_def_potion_super,Super Eternium DEF Potion,Consumable,Potion,19,consumable.potion.super_def,approved six-icon potion family,potion.super.def,347,34,7,896,4352,128,128,347,530
astralium_def_potion_super,Super Astralium DEF Potion,Consumable,Potion,20,consumable.potion.super_def,approved six-icon potion family,potion.super.def,347,34,7,896,4352,128,128,347,531
gravite_def_potion_super,Super Gravite DEF Potion,Consumable,Potion,21,consumable.potion.super_def,approved six-icon potion family,potion.super.def,347,34,7,896,4352,128,128,347,532
frostiron_def_potion_super,Super Frostiron DEF Potion,Consumable,Potion,22,consumable.potion.super_def,approved six-icon potion family,potion.super.def,347,34,7,896,4352,128,128,347,533
dusksteel_def_potion_super,Super Dusksteel DEF Potion,Consumable,Potion,23,consumable.potion.super_def,approved six-icon potion family,potion.super.def,347,34,7,896,4352,128,128,347,534
titanium_def_potion_super,Super Titanium DEF Potion,Consumable,Potion,24,consumable.potion.super_def,approved six-icon potion family,potion.super.def,347,34,7,896,4352,128,128,347,535
skysteel_def_potion_super,Super Skysteel DEF Potion,Consumable,Potion,25,consumable.potion.super_def,approved six-icon potion family,potion.super.def,347,34,7,896,4352,128,128,347,536
emberium_def_potion_super,Super Emberium DEF Potion,Consumable,Potion,26,consumable.potion.super_def,approved six-icon potion family,potion.super.def,347,34,7,896,4352,128,128,347,537
soulsteel_def_potion_super,Super Soulsteel DEF Potion,Consumable,Potion,27,consumable.potion.super_def,approved six-icon potion family,potion.super.def,347,34,7,896,4352,128,128,347,538
chronite_def_potion_super,Super Chronite DEF Potion,Consumable,Potion,28,consumable.potion.super_def,approved six-icon potion family,potion.super.def,347,34,7,896,4352,128,128,347,539
worldforge_def_potion_super,Super Worldforge DEF Potion,Consumable,Potion,29,consumable.potion.super_def,approved six-icon potion family,potion.super.def,347,34,7,896,4352,128,128,347,540
voidglass_def_potion_super,Super Voidglass DEF Potion,Consumable,Potion,30,consumable.potion.super_def,approved six-icon potion family,potion.super.def,347,34,7,896,4352,128,128,347,541
thalassic_def_potion_super,Super Thalassic DEF Potion,Consumable,Potion,31,consumable.potion.super_def,approved six-icon potion family,potion.super.def,347,34,7,896,4352,128,128,347,542
ashspire_def_potion_super,Super Ashspire DEF Potion,Consumable,Potion,32,consumable.potion.super_def,approved six-icon potion family,potion.super.def,347,34,7,896,4352,128,128,347,543
glacirite_def_potion_super,Super Glacirite DEF Potion,Consumable,Potion,33,consumable.potion.super_def,approved six-icon potion family,potion.super.def,347,34,7,896,4352,128,128,347,544
primordite_def_potion_super,Super Primordite DEF Potion,Consumable,Potion,34,consumable.potion.super_def,approved six-icon potion family,potion.super.def,347,34,7,896,4352,128,128,347,545
copper_xp_scroll_combat,Copper Scroll of Combat,Consumable,XP Scroll,1,consumable.xp_scroll.combat,tier-neutral XP scroll archetype,scroll.combat,348,34,8,1024,4352,128,128,348,546
iron_xp_scroll_combat,Iron Scroll of Combat,Consumable,XP Scroll,2,consumable.xp_scroll.combat,tier-neutral XP scroll archetype,scroll.combat,348,34,8,1024,4352,128,128,349,547
silver_xp_scroll_combat,Silver Scroll of Combat,Consumable,XP Scroll,3,consumable.xp_scroll.combat,tier-neutral XP scroll archetype,scroll.combat,348,34,8,1024,4352,128,128,350,548
gold_xp_scroll_combat,Gold Scroll of Combat,Consumable,XP Scroll,4,consumable.xp_scroll.combat,tier-neutral XP scroll archetype,scroll.combat,348,34,8,1024,4352,128,128,351,549
mythril_xp_scroll_combat,Mythril Scroll of Combat,Consumable,XP Scroll,5,consumable.xp_scroll.combat,tier-neutral XP scroll archetype,scroll.combat,348,34,8,1024,4352,128,128,352,550
starsteel_xp_scroll_combat,Starsteel Scroll of Combat,Consumable,XP Scroll,6,consumable.xp_scroll.combat,tier-neutral XP scroll archetype,scroll.combat,348,34,8,1024,4352,128,128,353,551
obsidian_xp_scroll_combat,Obsidian Scroll of Combat,Consumable,XP Scroll,7,consumable.xp_scroll.combat,tier-neutral XP scroll archetype,scroll.combat,348,34,8,1024,4352,128,128,354,552
runite_xp_scroll_combat,Runite Scroll of Combat,Consumable,XP Scroll,8,consumable.xp_scroll.combat,tier-neutral XP scroll archetype,scroll.combat,348,34,8,1024,4352,128,128,355,553
dragonsteel_xp_scroll_combat,Dragonsteel Scroll of Combat,Consumable,XP Scroll,9,consumable.xp_scroll.combat,tier-neutral XP scroll archetype,scroll.combat,348,34,8,1024,4352,128,128,356,554
aethersteel_xp_scroll_combat,Aethersteel Scroll of Combat,Consumable,XP Scroll,10,consumable.xp_scroll.combat,tier-neutral XP scroll archetype,scroll.combat,348,34,8,1024,4352,128,128,357,555
voidiron_xp_scroll_combat,Voidiron Scroll of Combat,Consumable,XP Scroll,11,consumable.xp_scroll.combat,tier-neutral XP scroll archetype,scroll.combat,348,34,8,1024,4352,128,128,358,556
celestium_xp_scroll_combat,Celestium Scroll of Combat,Consumable,XP Scroll,12,consumable.xp_scroll.combat,tier-neutral XP scroll archetype,scroll.combat,348,34,8,1024,4352,128,128,359,557
bloodstone_xp_scroll_combat,Bloodstone Scroll of Combat,Consumable,XP Scroll,13,consumable.xp_scroll.combat,tier-neutral XP scroll archetype,scroll.combat,348,34,8,1024,4352,128,128,360,558
moonsteel_xp_scroll_combat,Moonsteel Scroll of Combat,Consumable,XP Scroll,14,consumable.xp_scroll.combat,tier-neutral XP scroll archetype,scroll.combat,348,34,8,1024,4352,128,128,361,559
sunforged_xp_scroll_combat,Sunforged Scroll of Combat,Consumable,XP Scroll,15,consumable.xp_scroll.combat,tier-neutral XP scroll archetype,scroll.combat,348,34,8,1024,4352,128,128,362,560
netherite_xp_scroll_combat,Netherite Scroll of Combat,Consumable,XP Scroll,16,consumable.xp_scroll.combat,tier-neutral XP scroll archetype,scroll.combat,348,34,8,1024,4352,128,128,363,561
stormglass_xp_scroll_combat,Stormglass Scroll of Combat,Consumable,XP Scroll,17,consumable.xp_scroll.combat,tier-neutral XP scroll archetype,scroll.combat,348,34,8,1024,4352,128,128,364,562
kingssteel_xp_scroll_combat,Kingssteel Scroll of Combat,Consumable,XP Scroll,18,consumable.xp_scroll.combat,tier-neutral XP scroll archetype,scroll.combat,348,34,8,1024,4352,128,128,365,563
eternium_xp_scroll_combat,Eternium Scroll of Combat,Consumable,XP Scroll,19,consumable.xp_scroll.combat,tier-neutral XP scroll archetype,scroll.combat,348,34,8,1024,4352,128,128,366,564
astralium_xp_scroll_combat,Astralium Scroll of Combat,Consumable,XP Scroll,20,consumable.xp_scroll.combat,tier-neutral XP scroll archetype,scroll.combat,348,34,8,1024,4352,128,128,367,565
gravite_xp_scroll_combat,Gravite Scroll of Combat,Consumable,XP Scroll,21,consumable.xp_scroll.combat,tier-neutral XP scroll archetype,scroll.combat,348,34,8,1024,4352,128,128,368,566
frostiron_xp_scroll_combat,Frostiron Scroll of Combat,Consumable,XP Scroll,22,consumable.xp_scroll.combat,tier-neutral XP scroll archetype,scroll.combat,348,34,8,1024,4352,128,128,369,567
dusksteel_xp_scroll_combat,Dusksteel Scroll of Combat,Consumable,XP Scroll,23,consumable.xp_scroll.combat,tier-neutral XP scroll archetype,scroll.combat,348,34,8,1024,4352,128,128,370,568
titanium_xp_scroll_combat,Titanium Scroll of Combat,Consumable,XP Scroll,24,consumable.xp_scroll.combat,tier-neutral XP scroll archetype,scroll.combat,348,34,8,1024,4352,128,128,371,569
skysteel_xp_scroll_combat,Skysteel Scroll of Combat,Consumable,XP Scroll,25,consumable.xp_scroll.combat,tier-neutral XP scroll archetype,scroll.combat,348,34,8,1024,4352,128,128,372,570
emberium_xp_scroll_combat,Emberium Scroll of Combat,Consumable,XP Scroll,26,consumable.xp_scroll.combat,tier-neutral XP scroll archetype,scroll.combat,348,34,8,1024,4352,128,128,373,571
soulsteel_xp_scroll_combat,Soulsteel Scroll of Combat,Consumable,XP Scroll,27,consumable.xp_scroll.combat,tier-neutral XP scroll archetype,scroll.combat,348,34,8,1024,4352,128,128,374,572
chronite_xp_scroll_combat,Chronite Scroll of Combat,Consumable,XP Scroll,28,consumable.xp_scroll.combat,tier-neutral XP scroll archetype,scroll.combat,348,34,8,1024,4352,128,128,375,573
worldforge_xp_scroll_combat,Worldforge Scroll of Combat,Consumable,XP Scroll,29,consumable.xp_scroll.combat,tier-neutral XP scroll archetype,scroll.combat,348,34,8,1024,4352,128,128,376,574
voidglass_xp_scroll_combat,Voidglass Scroll of Combat,Consumable,XP Scroll,30,consumable.xp_scroll.combat,tier-neutral XP scroll archetype,scroll.combat,348,34,8,1024,4352,128,128,377,575
thalassic_xp_scroll_combat,Thalassic Scroll of Combat,Consumable,XP Scroll,31,consumable.xp_scroll.combat,tier-neutral XP scroll archetype,scroll.combat,348,34,8,1024,4352,128,128,378,576
ashspire_xp_scroll_combat,Ashspire Scroll of Combat,Consumable,XP Scroll,32,consumable.xp_scroll.combat,tier-neutral XP scroll archetype,scroll.combat,348,34,8,1024,4352,128,128,379,577
glacirite_xp_scroll_combat,Glacirite Scroll of Combat,Consumable,XP Scroll,33,consumable.xp_scroll.combat,tier-neutral XP scroll archetype,scroll.combat,348,34,8,1024,4352,128,128,380,578
primordite_xp_scroll_combat,Primordite Scroll of Combat,Consumable,XP Scroll,34,consumable.xp_scroll.combat,tier-neutral XP scroll archetype,scroll.combat,348,34,8,1024,4352,128,128,381,579
copper_xp_scroll_mining,Copper Scroll of Mining,Consumable,XP Scroll,1,consumable.xp_scroll.mining,tier-neutral XP scroll archetype,scroll.mining,349,34,9,1152,4352,128,128,382,580
iron_xp_scroll_mining,Iron Scroll of Mining,Consumable,XP Scroll,2,consumable.xp_scroll.mining,tier-neutral XP scroll archetype,scroll.mining,349,34,9,1152,4352,128,128,383,581
silver_xp_scroll_mining,Silver Scroll of Mining,Consumable,XP Scroll,3,consumable.xp_scroll.mining,tier-neutral XP scroll archetype,scroll.mining,349,34,9,1152,4352,128,128,384,582
gold_xp_scroll_mining,Gold Scroll of Mining,Consumable,XP Scroll,4,consumable.xp_scroll.mining,tier-neutral XP scroll archetype,scroll.mining,349,34,9,1152,4352,128,128,385,583
mythril_xp_scroll_mining,Mythril Scroll of Mining,Consumable,XP Scroll,5,consumable.xp_scroll.mining,tier-neutral XP scroll archetype,scroll.mining,349,34,9,1152,4352,128,128,386,584
starsteel_xp_scroll_mining,Starsteel Scroll of Mining,Consumable,XP Scroll,6,consumable.xp_scroll.mining,tier-neutral XP scroll archetype,scroll.mining,349,34,9,1152,4352,128,128,387,585
obsidian_xp_scroll_mining,Obsidian Scroll of Mining,Consumable,XP Scroll,7,consumable.xp_scroll.mining,tier-neutral XP scroll archetype,scroll.mining,349,34,9,1152,4352,128,128,388,586
runite_xp_scroll_mining,Runite Scroll of Mining,Consumable,XP Scroll,8,consumable.xp_scroll.mining,tier-neutral XP scroll archetype,scroll.mining,349,34,9,1152,4352,128,128,389,587
dragonsteel_xp_scroll_mining,Dragonsteel Scroll of Mining,Consumable,XP Scroll,9,consumable.xp_scroll.mining,tier-neutral XP scroll archetype,scroll.mining,349,34,9,1152,4352,128,128,390,588
aethersteel_xp_scroll_mining,Aethersteel Scroll of Mining,Consumable,XP Scroll,10,consumable.xp_scroll.mining,tier-neutral XP scroll archetype,scroll.mining,349,34,9,1152,4352,128,128,391,589
voidiron_xp_scroll_mining,Voidiron Scroll of Mining,Consumable,XP Scroll,11,consumable.xp_scroll.mining,tier-neutral XP scroll archetype,scroll.mining,349,34,9,1152,4352,128,128,392,590
celestium_xp_scroll_mining,Celestium Scroll of Mining,Consumable,XP Scroll,12,consumable.xp_scroll.mining,tier-neutral XP scroll archetype,scroll.mining,349,34,9,1152,4352,128,128,393,591
bloodstone_xp_scroll_mining,Bloodstone Scroll of Mining,Consumable,XP Scroll,13,consumable.xp_scroll.mining,tier-neutral XP scroll archetype,scroll.mining,349,34,9,1152,4352,128,128,394,592
moonsteel_xp_scroll_mining,Moonsteel Scroll of Mining,Consumable,XP Scroll,14,consumable.xp_scroll.mining,tier-neutral XP scroll archetype,scroll.mining,349,34,9,1152,4352,128,128,395,593
sunforged_xp_scroll_mining,Sunforged Scroll of Mining,Consumable,XP Scroll,15,consumable.xp_scroll.mining,tier-neutral XP scroll archetype,scroll.mining,349,34,9,1152,4352,128,128,396,594
netherite_xp_scroll_mining,Netherite Scroll of Mining,Consumable,XP Scroll,16,consumable.xp_scroll.mining,tier-neutral XP scroll archetype,scroll.mining,349,34,9,1152,4352,128,128,397,595
stormglass_xp_scroll_mining,Stormglass Scroll of Mining,Consumable,XP Scroll,17,consumable.xp_scroll.mining,tier-neutral XP scroll archetype,scroll.mining,349,34,9,1152,4352,128,128,398,596
kingssteel_xp_scroll_mining,Kingssteel Scroll of Mining,Consumable,XP Scroll,18,consumable.xp_scroll.mining,tier-neutral XP scroll archetype,scroll.mining,349,34,9,1152,4352,128,128,399,597
eternium_xp_scroll_mining,Eternium Scroll of Mining,Consumable,XP Scroll,19,consumable.xp_scroll.mining,tier-neutral XP scroll archetype,scroll.mining,349,34,9,1152,4352,128,128,400,598
astralium_xp_scroll_mining,Astralium Scroll of Mining,Consumable,XP Scroll,20,consumable.xp_scroll.mining,tier-neutral XP scroll archetype,scroll.mining,349,34,9,1152,4352,128,128,401,599
gravite_xp_scroll_mining,Gravite Scroll of Mining,Consumable,XP Scroll,21,consumable.xp_scroll.mining,tier-neutral XP scroll archetype,scroll.mining,349,34,9,1152,4352,128,128,402,600
frostiron_xp_scroll_mining,Frostiron Scroll of Mining,Consumable,XP Scroll,22,consumable.xp_scroll.mining,tier-neutral XP scroll archetype,scroll.mining,349,34,9,1152,4352,128,128,403,601
dusksteel_xp_scroll_mining,Dusksteel Scroll of Mining,Consumable,XP Scroll,23,consumable.xp_scroll.mining,tier-neutral XP scroll archetype,scroll.mining,349,34,9,1152,4352,128,128,404,602
titanium_xp_scroll_mining,Titanium Scroll of Mining,Consumable,XP Scroll,24,consumable.xp_scroll.mining,tier-neutral XP scroll archetype,scroll.mining,349,34,9,1152,4352,128,128,405,603
skysteel_xp_scroll_mining,Skysteel Scroll of Mining,Consumable,XP Scroll,25,consumable.xp_scroll.mining,tier-neutral XP scroll archetype,scroll.mining,349,34,9,1152,4352,128,128,406,604
emberium_xp_scroll_mining,Emberium Scroll of Mining,Consumable,XP Scroll,26,consumable.xp_scroll.mining,tier-neutral XP scroll archetype,scroll.mining,349,34,9,1152,4352,128,128,407,605
soulsteel_xp_scroll_mining,Soulsteel Scroll of Mining,Consumable,XP Scroll,27,consumable.xp_scroll.mining,tier-neutral XP scroll archetype,scroll.mining,349,34,9,1152,4352,128,128,408,606
chronite_xp_scroll_mining,Chronite Scroll of Mining,Consumable,XP Scroll,28,consumable.xp_scroll.mining,tier-neutral XP scroll archetype,scroll.mining,349,34,9,1152,4352,128,128,409,607
worldforge_xp_scroll_mining,Worldforge Scroll of Mining,Consumable,XP Scroll,29,consumable.xp_scroll.mining,tier-neutral XP scroll archetype,scroll.mining,349,34,9,1152,4352,128,128,410,608
voidglass_xp_scroll_mining,Voidglass Scroll of Mining,Consumable,XP Scroll,30,consumable.xp_scroll.mining,tier-neutral XP scroll archetype,scroll.mining,349,34,9,1152,4352,128,128,411,609
thalassic_xp_scroll_mining,Thalassic Scroll of Mining,Consumable,XP Scroll,31,consumable.xp_scroll.mining,tier-neutral XP scroll archetype,scroll.mining,349,34,9,1152,4352,128,128,412,610
ashspire_xp_scroll_mining,Ashspire Scroll of Mining,Consumable,XP Scroll,32,consumable.xp_scroll.mining,tier-neutral XP scroll archetype,scroll.mining,349,34,9,1152,4352,128,128,413,611
glacirite_xp_scroll_mining,Glacirite Scroll of Mining,Consumable,XP Scroll,33,consumable.xp_scroll.mining,tier-neutral XP scroll archetype,scroll.mining,349,34,9,1152,4352,128,128,414,612
primordite_xp_scroll_mining,Primordite Scroll of Mining,Consumable,XP Scroll,34,consumable.xp_scroll.mining,tier-neutral XP scroll archetype,scroll.mining,349,34,9,1152,4352,128,128,415,613
copper_xp_scroll_herbing,Copper Scroll of Gathering,Consumable,XP Scroll,1,consumable.xp_scroll.gathering,tier-neutral XP scroll archetype,scroll.gathering,350,35,0,0,4480,128,128,416,614
iron_xp_scroll_herbing,Iron Scroll of Gathering,Consumable,XP Scroll,2,consumable.xp_scroll.gathering,tier-neutral XP scroll archetype,scroll.gathering,350,35,0,0,4480,128,128,417,615
silver_xp_scroll_herbing,Silver Scroll of Gathering,Consumable,XP Scroll,3,consumable.xp_scroll.gathering,tier-neutral XP scroll archetype,scroll.gathering,350,35,0,0,4480,128,128,418,616
gold_xp_scroll_herbing,Gold Scroll of Gathering,Consumable,XP Scroll,4,consumable.xp_scroll.gathering,tier-neutral XP scroll archetype,scroll.gathering,350,35,0,0,4480,128,128,419,617
mythril_xp_scroll_herbing,Mythril Scroll of Gathering,Consumable,XP Scroll,5,consumable.xp_scroll.gathering,tier-neutral XP scroll archetype,scroll.gathering,350,35,0,0,4480,128,128,420,618
starsteel_xp_scroll_herbing,Starsteel Scroll of Gathering,Consumable,XP Scroll,6,consumable.xp_scroll.gathering,tier-neutral XP scroll archetype,scroll.gathering,350,35,0,0,4480,128,128,421,619
obsidian_xp_scroll_herbing,Obsidian Scroll of Gathering,Consumable,XP Scroll,7,consumable.xp_scroll.gathering,tier-neutral XP scroll archetype,scroll.gathering,350,35,0,0,4480,128,128,422,620
runite_xp_scroll_herbing,Runite Scroll of Gathering,Consumable,XP Scroll,8,consumable.xp_scroll.gathering,tier-neutral XP scroll archetype,scroll.gathering,350,35,0,0,4480,128,128,423,621
dragonsteel_xp_scroll_herbing,Dragonsteel Scroll of Gathering,Consumable,XP Scroll,9,consumable.xp_scroll.gathering,tier-neutral XP scroll archetype,scroll.gathering,350,35,0,0,4480,128,128,424,622
aethersteel_xp_scroll_herbing,Aethersteel Scroll of Gathering,Consumable,XP Scroll,10,consumable.xp_scroll.gathering,tier-neutral XP scroll archetype,scroll.gathering,350,35,0,0,4480,128,128,425,623
voidiron_xp_scroll_herbing,Voidiron Scroll of Gathering,Consumable,XP Scroll,11,consumable.xp_scroll.gathering,tier-neutral XP scroll archetype,scroll.gathering,350,35,0,0,4480,128,128,426,624
celestium_xp_scroll_herbing,Celestium Scroll of Gathering,Consumable,XP Scroll,12,consumable.xp_scroll.gathering,tier-neutral XP scroll archetype,scroll.gathering,350,35,0,0,4480,128,128,427,625
bloodstone_xp_scroll_herbing,Bloodstone Scroll of Gathering,Consumable,XP Scroll,13,consumable.xp_scroll.gathering,tier-neutral XP scroll archetype,scroll.gathering,350,35,0,0,4480,128,128,428,626
moonsteel_xp_scroll_herbing,Moonsteel Scroll of Gathering,Consumable,XP Scroll,14,consumable.xp_scroll.gathering,tier-neutral XP scroll archetype,scroll.gathering,350,35,0,0,4480,128,128,429,627
sunforged_xp_scroll_herbing,Sunforged Scroll of Gathering,Consumable,XP Scroll,15,consumable.xp_scroll.gathering,tier-neutral XP scroll archetype,scroll.gathering,350,35,0,0,4480,128,128,430,628
netherite_xp_scroll_herbing,Netherite Scroll of Gathering,Consumable,XP Scroll,16,consumable.xp_scroll.gathering,tier-neutral XP scroll archetype,scroll.gathering,350,35,0,0,4480,128,128,431,629
stormglass_xp_scroll_herbing,Stormglass Scroll of Gathering,Consumable,XP Scroll,17,consumable.xp_scroll.gathering,tier-neutral XP scroll archetype,scroll.gathering,350,35,0,0,4480,128,128,432,630
kingssteel_xp_scroll_herbing,Kingssteel Scroll of Gathering,Consumable,XP Scroll,18,consumable.xp_scroll.gathering,tier-neutral XP scroll archetype,scroll.gathering,350,35,0,0,4480,128,128,433,631
eternium_xp_scroll_herbing,Eternium Scroll of Gathering,Consumable,XP Scroll,19,consumable.xp_scroll.gathering,tier-neutral XP scroll archetype,scroll.gathering,350,35,0,0,4480,128,128,434,632
astralium_xp_scroll_herbing,Astralium Scroll of Gathering,Consumable,XP Scroll,20,consumable.xp_scroll.gathering,tier-neutral XP scroll archetype,scroll.gathering,350,35,0,0,4480,128,128,435,633
gravite_xp_scroll_herbing,Gravite Scroll of Gathering,Consumable,XP Scroll,21,consumable.xp_scroll.gathering,tier-neutral XP scroll archetype,scroll.gathering,350,35,0,0,4480,128,128,436,634
frostiron_xp_scroll_herbing,Frostiron Scroll of Gathering,Consumable,XP Scroll,22,consumable.xp_scroll.gathering,tier-neutral XP scroll archetype,scroll.gathering,350,35,0,0,4480,128,128,437,635
dusksteel_xp_scroll_herbing,Dusksteel Scroll of Gathering,Consumable,XP Scroll,23,consumable.xp_scroll.gathering,tier-neutral XP scroll archetype,scroll.gathering,350,35,0,0,4480,128,128,438,636
titanium_xp_scroll_herbing,Titanium Scroll of Gathering,Consumable,XP Scroll,24,consumable.xp_scroll.gathering,tier-neutral XP scroll archetype,scroll.gathering,350,35,0,0,4480,128,128,439,637
skysteel_xp_scroll_herbing,Skysteel Scroll of Gathering,Consumable,XP Scroll,25,consumable.xp_scroll.gathering,tier-neutral XP scroll archetype,scroll.gathering,350,35,0,0,4480,128,128,440,638
emberium_xp_scroll_herbing,Emberium Scroll of Gathering,Consumable,XP Scroll,26,consumable.xp_scroll.gathering,tier-neutral XP scroll archetype,scroll.gathering,350,35,0,0,4480,128,128,441,639
soulsteel_xp_scroll_herbing,Soulsteel Scroll of Gathering,Consumable,XP Scroll,27,consumable.xp_scroll.gathering,tier-neutral XP scroll archetype,scroll.gathering,350,35,0,0,4480,128,128,442,640
chronite_xp_scroll_herbing,Chronite Scroll of Gathering,Consumable,XP Scroll,28,consumable.xp_scroll.gathering,tier-neutral XP scroll archetype,scroll.gathering,350,35,0,0,4480,128,128,443,641
worldforge_xp_scroll_herbing,Worldforge Scroll of Gathering,Consumable,XP Scroll,29,consumable.xp_scroll.gathering,tier-neutral XP scroll archetype,scroll.gathering,350,35,0,0,4480,128,128,444,642
voidglass_xp_scroll_herbing,Voidglass Scroll of Gathering,Consumable,XP Scroll,30,consumable.xp_scroll.gathering,tier-neutral XP scroll archetype,scroll.gathering,350,35,0,0,4480,128,128,445,643
thalassic_xp_scroll_herbing,Thalassic Scroll of Gathering,Consumable,XP Scroll,31,consumable.xp_scroll.gathering,tier-neutral XP scroll archetype,scroll.gathering,350,35,0,0,4480,128,128,446,644
ashspire_xp_scroll_herbing,Ashspire Scroll of Gathering,Consumable,XP Scroll,32,consumable.xp_scroll.gathering,tier-neutral XP scroll archetype,scroll.gathering,350,35,0,0,4480,128,128,447,645
glacirite_xp_scroll_herbing,Glacirite Scroll of Gathering,Consumable,XP Scroll,33,consumable.xp_scroll.gathering,tier-neutral XP scroll archetype,scroll.gathering,350,35,0,0,4480,128,128,448,646
primordite_xp_scroll_herbing,Primordite Scroll of Gathering,Consumable,XP Scroll,34,consumable.xp_scroll.gathering,tier-neutral XP scroll archetype,scroll.gathering,350,35,0,0,4480,128,128,449,647
copper_xp_scroll_smithing,Copper Scroll of Smithing,Consumable,XP Scroll,1,consumable.xp_scroll.smithing,tier-neutral XP scroll archetype,scroll.smithing,351,35,1,128,4480,128,128,450,648
iron_xp_scroll_smithing,Iron Scroll of Smithing,Consumable,XP Scroll,2,consumable.xp_scroll.smithing,tier-neutral XP scroll archetype,scroll.smithing,351,35,1,128,4480,128,128,451,649
silver_xp_scroll_smithing,Silver Scroll of Smithing,Consumable,XP Scroll,3,consumable.xp_scroll.smithing,tier-neutral XP scroll archetype,scroll.smithing,351,35,1,128,4480,128,128,452,650
gold_xp_scroll_smithing,Gold Scroll of Smithing,Consumable,XP Scroll,4,consumable.xp_scroll.smithing,tier-neutral XP scroll archetype,scroll.smithing,351,35,1,128,4480,128,128,453,651
mythril_xp_scroll_smithing,Mythril Scroll of Smithing,Consumable,XP Scroll,5,consumable.xp_scroll.smithing,tier-neutral XP scroll archetype,scroll.smithing,351,35,1,128,4480,128,128,454,652
starsteel_xp_scroll_smithing,Starsteel Scroll of Smithing,Consumable,XP Scroll,6,consumable.xp_scroll.smithing,tier-neutral XP scroll archetype,scroll.smithing,351,35,1,128,4480,128,128,455,653
obsidian_xp_scroll_smithing,Obsidian Scroll of Smithing,Consumable,XP Scroll,7,consumable.xp_scroll.smithing,tier-neutral XP scroll archetype,scroll.smithing,351,35,1,128,4480,128,128,456,654
runite_xp_scroll_smithing,Runite Scroll of Smithing,Consumable,XP Scroll,8,consumable.xp_scroll.smithing,tier-neutral XP scroll archetype,scroll.smithing,351,35,1,128,4480,128,128,457,655
dragonsteel_xp_scroll_smithing,Dragonsteel Scroll of Smithing,Consumable,XP Scroll,9,consumable.xp_scroll.smithing,tier-neutral XP scroll archetype,scroll.smithing,351,35,1,128,4480,128,128,458,656
aethersteel_xp_scroll_smithing,Aethersteel Scroll of Smithing,Consumable,XP Scroll,10,consumable.xp_scroll.smithing,tier-neutral XP scroll archetype,scroll.smithing,351,35,1,128,4480,128,128,459,657
voidiron_xp_scroll_smithing,Voidiron Scroll of Smithing,Consumable,XP Scroll,11,consumable.xp_scroll.smithing,tier-neutral XP scroll archetype,scroll.smithing,351,35,1,128,4480,128,128,460,658
celestium_xp_scroll_smithing,Celestium Scroll of Smithing,Consumable,XP Scroll,12,consumable.xp_scroll.smithing,tier-neutral XP scroll archetype,scroll.smithing,351,35,1,128,4480,128,128,461,659
bloodstone_xp_scroll_smithing,Bloodstone Scroll of Smithing,Consumable,XP Scroll,13,consumable.xp_scroll.smithing,tier-neutral XP scroll archetype,scroll.smithing,351,35,1,128,4480,128,128,462,660
moonsteel_xp_scroll_smithing,Moonsteel Scroll of Smithing,Consumable,XP Scroll,14,consumable.xp_scroll.smithing,tier-neutral XP scroll archetype,scroll.smithing,351,35,1,128,4480,128,128,463,661
sunforged_xp_scroll_smithing,Sunforged Scroll of Smithing,Consumable,XP Scroll,15,consumable.xp_scroll.smithing,tier-neutral XP scroll archetype,scroll.smithing,351,35,1,128,4480,128,128,464,662
netherite_xp_scroll_smithing,Netherite Scroll of Smithing,Consumable,XP Scroll,16,consumable.xp_scroll.smithing,tier-neutral XP scroll archetype,scroll.smithing,351,35,1,128,4480,128,128,465,663
stormglass_xp_scroll_smithing,Stormglass Scroll of Smithing,Consumable,XP Scroll,17,consumable.xp_scroll.smithing,tier-neutral XP scroll archetype,scroll.smithing,351,35,1,128,4480,128,128,466,664
kingssteel_xp_scroll_smithing,Kingssteel Scroll of Smithing,Consumable,XP Scroll,18,consumable.xp_scroll.smithing,tier-neutral XP scroll archetype,scroll.smithing,351,35,1,128,4480,128,128,467,665
eternium_xp_scroll_smithing,Eternium Scroll of Smithing,Consumable,XP Scroll,19,consumable.xp_scroll.smithing,tier-neutral XP scroll archetype,scroll.smithing,351,35,1,128,4480,128,128,468,666
astralium_xp_scroll_smithing,Astralium Scroll of Smithing,Consumable,XP Scroll,20,consumable.xp_scroll.smithing,tier-neutral XP scroll archetype,scroll.smithing,351,35,1,128,4480,128,128,469,667
gravite_xp_scroll_smithing,Gravite Scroll of Smithing,Consumable,XP Scroll,21,consumable.xp_scroll.smithing,tier-neutral XP scroll archetype,scroll.smithing,351,35,1,128,4480,128,128,470,668
frostiron_xp_scroll_smithing,Frostiron Scroll of Smithing,Consumable,XP Scroll,22,consumable.xp_scroll.smithing,tier-neutral XP scroll archetype,scroll.smithing,351,35,1,128,4480,128,128,471,669
dusksteel_xp_scroll_smithing,Dusksteel Scroll of Smithing,Consumable,XP Scroll,23,consumable.xp_scroll.smithing,tier-neutral XP scroll archetype,scroll.smithing,351,35,1,128,4480,128,128,472,670
titanium_xp_scroll_smithing,Titanium Scroll of Smithing,Consumable,XP Scroll,24,consumable.xp_scroll.smithing,tier-neutral XP scroll archetype,scroll.smithing,351,35,1,128,4480,128,128,473,671
skysteel_xp_scroll_smithing,Skysteel Scroll of Smithing,Consumable,XP Scroll,25,consumable.xp_scroll.smithing,tier-neutral XP scroll archetype,scroll.smithing,351,35,1,128,4480,128,128,474,672
emberium_xp_scroll_smithing,Emberium Scroll of Smithing,Consumable,XP Scroll,26,consumable.xp_scroll.smithing,tier-neutral XP scroll archetype,scroll.smithing,351,35,1,128,4480,128,128,475,673
soulsteel_xp_scroll_smithing,Soulsteel Scroll of Smithing,Consumable,XP Scroll,27,consumable.xp_scroll.smithing,tier-neutral XP scroll archetype,scroll.smithing,351,35,1,128,4480,128,128,476,674
chronite_xp_scroll_smithing,Chronite Scroll of Smithing,Consumable,XP Scroll,28,consumable.xp_scroll.smithing,tier-neutral XP scroll archetype,scroll.smithing,351,35,1,128,4480,128,128,477,675
worldforge_xp_scroll_smithing,Worldforge Scroll of Smithing,Consumable,XP Scroll,29,consumable.xp_scroll.smithing,tier-neutral XP scroll archetype,scroll.smithing,351,35,1,128,4480,128,128,478,676
voidglass_xp_scroll_smithing,Voidglass Scroll of Smithing,Consumable,XP Scroll,30,consumable.xp_scroll.smithing,tier-neutral XP scroll archetype,scroll.smithing,351,35,1,128,4480,128,128,479,677
thalassic_xp_scroll_smithing,Thalassic Scroll of Smithing,Consumable,XP Scroll,31,consumable.xp_scroll.smithing,tier-neutral XP scroll archetype,scroll.smithing,351,35,1,128,4480,128,128,480,678
ashspire_xp_scroll_smithing,Ashspire Scroll of Smithing,Consumable,XP Scroll,32,consumable.xp_scroll.smithing,tier-neutral XP scroll archetype,scroll.smithing,351,35,1,128,4480,128,128,481,679
glacirite_xp_scroll_smithing,Glacirite Scroll of Smithing,Consumable,XP Scroll,33,consumable.xp_scroll.smithing,tier-neutral XP scroll archetype,scroll.smithing,351,35,1,128,4480,128,128,482,680
primordite_xp_scroll_smithing,Primordite Scroll of Smithing,Consumable,XP Scroll,34,consumable.xp_scroll.smithing,tier-neutral XP scroll archetype,scroll.smithing,351,35,1,128,4480,128,128,483,681
copper_xp_scroll_alchemy,Copper Scroll of Alchemy,Consumable,XP Scroll,1,consumable.xp_scroll.alchemy,tier-neutral XP scroll archetype,scroll.alchemy,352,35,2,256,4480,128,128,484,682
iron_xp_scroll_alchemy,Iron Scroll of Alchemy,Consumable,XP Scroll,2,consumable.xp_scroll.alchemy,tier-neutral XP scroll archetype,scroll.alchemy,352,35,2,256,4480,128,128,485,683
silver_xp_scroll_alchemy,Silver Scroll of Alchemy,Consumable,XP Scroll,3,consumable.xp_scroll.alchemy,tier-neutral XP scroll archetype,scroll.alchemy,352,35,2,256,4480,128,128,486,684
gold_xp_scroll_alchemy,Gold Scroll of Alchemy,Consumable,XP Scroll,4,consumable.xp_scroll.alchemy,tier-neutral XP scroll archetype,scroll.alchemy,352,35,2,256,4480,128,128,487,685
mythril_xp_scroll_alchemy,Mythril Scroll of Alchemy,Consumable,XP Scroll,5,consumable.xp_scroll.alchemy,tier-neutral XP scroll archetype,scroll.alchemy,352,35,2,256,4480,128,128,488,686
starsteel_xp_scroll_alchemy,Starsteel Scroll of Alchemy,Consumable,XP Scroll,6,consumable.xp_scroll.alchemy,tier-neutral XP scroll archetype,scroll.alchemy,352,35,2,256,4480,128,128,489,687
obsidian_xp_scroll_alchemy,Obsidian Scroll of Alchemy,Consumable,XP Scroll,7,consumable.xp_scroll.alchemy,tier-neutral XP scroll archetype,scroll.alchemy,352,35,2,256,4480,128,128,490,688
runite_xp_scroll_alchemy,Runite Scroll of Alchemy,Consumable,XP Scroll,8,consumable.xp_scroll.alchemy,tier-neutral XP scroll archetype,scroll.alchemy,352,35,2,256,4480,128,128,491,689
dragonsteel_xp_scroll_alchemy,Dragonsteel Scroll of Alchemy,Consumable,XP Scroll,9,consumable.xp_scroll.alchemy,tier-neutral XP scroll archetype,scroll.alchemy,352,35,2,256,4480,128,128,492,690
aethersteel_xp_scroll_alchemy,Aethersteel Scroll of Alchemy,Consumable,XP Scroll,10,consumable.xp_scroll.alchemy,tier-neutral XP scroll archetype,scroll.alchemy,352,35,2,256,4480,128,128,493,691
voidiron_xp_scroll_alchemy,Voidiron Scroll of Alchemy,Consumable,XP Scroll,11,consumable.xp_scroll.alchemy,tier-neutral XP scroll archetype,scroll.alchemy,352,35,2,256,4480,128,128,494,692
celestium_xp_scroll_alchemy,Celestium Scroll of Alchemy,Consumable,XP Scroll,12,consumable.xp_scroll.alchemy,tier-neutral XP scroll archetype,scroll.alchemy,352,35,2,256,4480,128,128,495,693
bloodstone_xp_scroll_alchemy,Bloodstone Scroll of Alchemy,Consumable,XP Scroll,13,consumable.xp_scroll.alchemy,tier-neutral XP scroll archetype,scroll.alchemy,352,35,2,256,4480,128,128,496,694
moonsteel_xp_scroll_alchemy,Moonsteel Scroll of Alchemy,Consumable,XP Scroll,14,consumable.xp_scroll.alchemy,tier-neutral XP scroll archetype,scroll.alchemy,352,35,2,256,4480,128,128,497,695
sunforged_xp_scroll_alchemy,Sunforged Scroll of Alchemy,Consumable,XP Scroll,15,consumable.xp_scroll.alchemy,tier-neutral XP scroll archetype,scroll.alchemy,352,35,2,256,4480,128,128,498,696
netherite_xp_scroll_alchemy,Netherite Scroll of Alchemy,Consumable,XP Scroll,16,consumable.xp_scroll.alchemy,tier-neutral XP scroll archetype,scroll.alchemy,352,35,2,256,4480,128,128,499,697
stormglass_xp_scroll_alchemy,Stormglass Scroll of Alchemy,Consumable,XP Scroll,17,consumable.xp_scroll.alchemy,tier-neutral XP scroll archetype,scroll.alchemy,352,35,2,256,4480,128,128,500,698
kingssteel_xp_scroll_alchemy,Kingssteel Scroll of Alchemy,Consumable,XP Scroll,18,consumable.xp_scroll.alchemy,tier-neutral XP scroll archetype,scroll.alchemy,352,35,2,256,4480,128,128,501,699
eternium_xp_scroll_alchemy,Eternium Scroll of Alchemy,Consumable,XP Scroll,19,consumable.xp_scroll.alchemy,tier-neutral XP scroll archetype,scroll.alchemy,352,35,2,256,4480,128,128,502,700
astralium_xp_scroll_alchemy,Astralium Scroll of Alchemy,Consumable,XP Scroll,20,consumable.xp_scroll.alchemy,tier-neutral XP scroll archetype,scroll.alchemy,352,35,2,256,4480,128,128,503,701
gravite_xp_scroll_alchemy,Gravite Scroll of Alchemy,Consumable,XP Scroll,21,consumable.xp_scroll.alchemy,tier-neutral XP scroll archetype,scroll.alchemy,352,35,2,256,4480,128,128,504,702
frostiron_xp_scroll_alchemy,Frostiron Scroll of Alchemy,Consumable,XP Scroll,22,consumable.xp_scroll.alchemy,tier-neutral XP scroll archetype,scroll.alchemy,352,35,2,256,4480,128,128,505,703
dusksteel_xp_scroll_alchemy,Dusksteel Scroll of Alchemy,Consumable,XP Scroll,23,consumable.xp_scroll.alchemy,tier-neutral XP scroll archetype,scroll.alchemy,352,35,2,256,4480,128,128,506,704
titanium_xp_scroll_alchemy,Titanium Scroll of Alchemy,Consumable,XP Scroll,24,consumable.xp_scroll.alchemy,tier-neutral XP scroll archetype,scroll.alchemy,352,35,2,256,4480,128,128,507,705
skysteel_xp_scroll_alchemy,Skysteel Scroll of Alchemy,Consumable,XP Scroll,25,consumable.xp_scroll.alchemy,tier-neutral XP scroll archetype,scroll.alchemy,352,35,2,256,4480,128,128,508,706
emberium_xp_scroll_alchemy,Emberium Scroll of Alchemy,Consumable,XP Scroll,26,consumable.xp_scroll.alchemy,tier-neutral XP scroll archetype,scroll.alchemy,352,35,2,256,4480,128,128,509,707
soulsteel_xp_scroll_alchemy,Soulsteel Scroll of Alchemy,Consumable,XP Scroll,27,consumable.xp_scroll.alchemy,tier-neutral XP scroll archetype,scroll.alchemy,352,35,2,256,4480,128,128,510,708
chronite_xp_scroll_alchemy,Chronite Scroll of Alchemy,Consumable,XP Scroll,28,consumable.xp_scroll.alchemy,tier-neutral XP scroll archetype,scroll.alchemy,352,35,2,256,4480,128,128,511,709
worldforge_xp_scroll_alchemy,Worldforge Scroll of Alchemy,Consumable,XP Scroll,29,consumable.xp_scroll.alchemy,tier-neutral XP scroll archetype,scroll.alchemy,352,35,2,256,4480,128,128,512,710
voidglass_xp_scroll_alchemy,Voidglass Scroll of Alchemy,Consumable,XP Scroll,30,consumable.xp_scroll.alchemy,tier-neutral XP scroll archetype,scroll.alchemy,352,35,2,256,4480,128,128,513,711
thalassic_xp_scroll_alchemy,Thalassic Scroll of Alchemy,Consumable,XP Scroll,31,consumable.xp_scroll.alchemy,tier-neutral XP scroll archetype,scroll.alchemy,352,35,2,256,4480,128,128,514,712
ashspire_xp_scroll_alchemy,Ashspire Scroll of Alchemy,Consumable,XP Scroll,32,consumable.xp_scroll.alchemy,tier-neutral XP scroll archetype,scroll.alchemy,352,35,2,256,4480,128,128,515,713
glacirite_xp_scroll_alchemy,Glacirite Scroll of Alchemy,Consumable,XP Scroll,33,consumable.xp_scroll.alchemy,tier-neutral XP scroll archetype,scroll.alchemy,352,35,2,256,4480,128,128,516,714
primordite_xp_scroll_alchemy,Primordite Scroll of Alchemy,Consumable,XP Scroll,34,consumable.xp_scroll.alchemy,tier-neutral XP scroll archetype,scroll.alchemy,352,35,2,256,4480,128,128,517,715
copper_xp_scroll_jewelcrafting,Copper Scroll of Jewelcrafting,Consumable,XP Scroll,1,consumable.xp_scroll.jewelcrafting,tier-neutral XP scroll archetype,scroll.jewelcrafting,353,35,3,384,4480,128,128,518,716
iron_xp_scroll_jewelcrafting,Iron Scroll of Jewelcrafting,Consumable,XP Scroll,2,consumable.xp_scroll.jewelcrafting,tier-neutral XP scroll archetype,scroll.jewelcrafting,353,35,3,384,4480,128,128,519,717
silver_xp_scroll_jewelcrafting,Silver Scroll of Jewelcrafting,Consumable,XP Scroll,3,consumable.xp_scroll.jewelcrafting,tier-neutral XP scroll archetype,scroll.jewelcrafting,353,35,3,384,4480,128,128,520,718
gold_xp_scroll_jewelcrafting,Gold Scroll of Jewelcrafting,Consumable,XP Scroll,4,consumable.xp_scroll.jewelcrafting,tier-neutral XP scroll archetype,scroll.jewelcrafting,353,35,3,384,4480,128,128,521,719
mythril_xp_scroll_jewelcrafting,Mythril Scroll of Jewelcrafting,Consumable,XP Scroll,5,consumable.xp_scroll.jewelcrafting,tier-neutral XP scroll archetype,scroll.jewelcrafting,353,35,3,384,4480,128,128,522,720
starsteel_xp_scroll_jewelcrafting,Starsteel Scroll of Jewelcrafting,Consumable,XP Scroll,6,consumable.xp_scroll.jewelcrafting,tier-neutral XP scroll archetype,scroll.jewelcrafting,353,35,3,384,4480,128,128,523,721
obsidian_xp_scroll_jewelcrafting,Obsidian Scroll of Jewelcrafting,Consumable,XP Scroll,7,consumable.xp_scroll.jewelcrafting,tier-neutral XP scroll archetype,scroll.jewelcrafting,353,35,3,384,4480,128,128,524,722
runite_xp_scroll_jewelcrafting,Runite Scroll of Jewelcrafting,Consumable,XP Scroll,8,consumable.xp_scroll.jewelcrafting,tier-neutral XP scroll archetype,scroll.jewelcrafting,353,35,3,384,4480,128,128,525,723
dragonsteel_xp_scroll_jewelcrafting,Dragonsteel Scroll of Jewelcrafting,Consumable,XP Scroll,9,consumable.xp_scroll.jewelcrafting,tier-neutral XP scroll archetype,scroll.jewelcrafting,353,35,3,384,4480,128,128,526,724
aethersteel_xp_scroll_jewelcrafting,Aethersteel Scroll of Jewelcrafting,Consumable,XP Scroll,10,consumable.xp_scroll.jewelcrafting,tier-neutral XP scroll archetype,scroll.jewelcrafting,353,35,3,384,4480,128,128,527,725
voidiron_xp_scroll_jewelcrafting,Voidiron Scroll of Jewelcrafting,Consumable,XP Scroll,11,consumable.xp_scroll.jewelcrafting,tier-neutral XP scroll archetype,scroll.jewelcrafting,353,35,3,384,4480,128,128,528,726
celestium_xp_scroll_jewelcrafting,Celestium Scroll of Jewelcrafting,Consumable,XP Scroll,12,consumable.xp_scroll.jewelcrafting,tier-neutral XP scroll archetype,scroll.jewelcrafting,353,35,3,384,4480,128,128,529,727
bloodstone_xp_scroll_jewelcrafting,Bloodstone Scroll of Jewelcrafting,Consumable,XP Scroll,13,consumable.xp_scroll.jewelcrafting,tier-neutral XP scroll archetype,scroll.jewelcrafting,353,35,3,384,4480,128,128,530,728
moonsteel_xp_scroll_jewelcrafting,Moonsteel Scroll of Jewelcrafting,Consumable,XP Scroll,14,consumable.xp_scroll.jewelcrafting,tier-neutral XP scroll archetype,scroll.jewelcrafting,353,35,3,384,4480,128,128,531,729
sunforged_xp_scroll_jewelcrafting,Sunforged Scroll of Jewelcrafting,Consumable,XP Scroll,15,consumable.xp_scroll.jewelcrafting,tier-neutral XP scroll archetype,scroll.jewelcrafting,353,35,3,384,4480,128,128,532,730
netherite_xp_scroll_jewelcrafting,Netherite Scroll of Jewelcrafting,Consumable,XP Scroll,16,consumable.xp_scroll.jewelcrafting,tier-neutral XP scroll archetype,scroll.jewelcrafting,353,35,3,384,4480,128,128,533,731
stormglass_xp_scroll_jewelcrafting,Stormglass Scroll of Jewelcrafting,Consumable,XP Scroll,17,consumable.xp_scroll.jewelcrafting,tier-neutral XP scroll archetype,scroll.jewelcrafting,353,35,3,384,4480,128,128,534,732
kingssteel_xp_scroll_jewelcrafting,Kingssteel Scroll of Jewelcrafting,Consumable,XP Scroll,18,consumable.xp_scroll.jewelcrafting,tier-neutral XP scroll archetype,scroll.jewelcrafting,353,35,3,384,4480,128,128,535,733
eternium_xp_scroll_jewelcrafting,Eternium Scroll of Jewelcrafting,Consumable,XP Scroll,19,consumable.xp_scroll.jewelcrafting,tier-neutral XP scroll archetype,scroll.jewelcrafting,353,35,3,384,4480,128,128,536,734
astralium_xp_scroll_jewelcrafting,Astralium Scroll of Jewelcrafting,Consumable,XP Scroll,20,consumable.xp_scroll.jewelcrafting,tier-neutral XP scroll archetype,scroll.jewelcrafting,353,35,3,384,4480,128,128,537,735
gravite_xp_scroll_jewelcrafting,Gravite Scroll of Jewelcrafting,Consumable,XP Scroll,21,consumable.xp_scroll.jewelcrafting,tier-neutral XP scroll archetype,scroll.jewelcrafting,353,35,3,384,4480,128,128,538,736
frostiron_xp_scroll_jewelcrafting,Frostiron Scroll of Jewelcrafting,Consumable,XP Scroll,22,consumable.xp_scroll.jewelcrafting,tier-neutral XP scroll archetype,scroll.jewelcrafting,353,35,3,384,4480,128,128,539,737
dusksteel_xp_scroll_jewelcrafting,Dusksteel Scroll of Jewelcrafting,Consumable,XP Scroll,23,consumable.xp_scroll.jewelcrafting,tier-neutral XP scroll archetype,scroll.jewelcrafting,353,35,3,384,4480,128,128,540,738
titanium_xp_scroll_jewelcrafting,Titanium Scroll of Jewelcrafting,Consumable,XP Scroll,24,consumable.xp_scroll.jewelcrafting,tier-neutral XP scroll archetype,scroll.jewelcrafting,353,35,3,384,4480,128,128,541,739
skysteel_xp_scroll_jewelcrafting,Skysteel Scroll of Jewelcrafting,Consumable,XP Scroll,25,consumable.xp_scroll.jewelcrafting,tier-neutral XP scroll archetype,scroll.jewelcrafting,353,35,3,384,4480,128,128,542,740
emberium_xp_scroll_jewelcrafting,Emberium Scroll of Jewelcrafting,Consumable,XP Scroll,26,consumable.xp_scroll.jewelcrafting,tier-neutral XP scroll archetype,scroll.jewelcrafting,353,35,3,384,4480,128,128,543,741
soulsteel_xp_scroll_jewelcrafting,Soulsteel Scroll of Jewelcrafting,Consumable,XP Scroll,27,consumable.xp_scroll.jewelcrafting,tier-neutral XP scroll archetype,scroll.jewelcrafting,353,35,3,384,4480,128,128,544,742
chronite_xp_scroll_jewelcrafting,Chronite Scroll of Jewelcrafting,Consumable,XP Scroll,28,consumable.xp_scroll.jewelcrafting,tier-neutral XP scroll archetype,scroll.jewelcrafting,353,35,3,384,4480,128,128,545,743
worldforge_xp_scroll_jewelcrafting,Worldforge Scroll of Jewelcrafting,Consumable,XP Scroll,29,consumable.xp_scroll.jewelcrafting,tier-neutral XP scroll archetype,scroll.jewelcrafting,353,35,3,384,4480,128,128,546,744
voidglass_xp_scroll_jewelcrafting,Voidglass Scroll of Jewelcrafting,Consumable,XP Scroll,30,consumable.xp_scroll.jewelcrafting,tier-neutral XP scroll archetype,scroll.jewelcrafting,353,35,3,384,4480,128,128,547,745
thalassic_xp_scroll_jewelcrafting,Thalassic Scroll of Jewelcrafting,Consumable,XP Scroll,31,consumable.xp_scroll.jewelcrafting,tier-neutral XP scroll archetype,scroll.jewelcrafting,353,35,3,384,4480,128,128,548,746
ashspire_xp_scroll_jewelcrafting,Ashspire Scroll of Jewelcrafting,Consumable,XP Scroll,32,consumable.xp_scroll.jewelcrafting,tier-neutral XP scroll archetype,scroll.jewelcrafting,353,35,3,384,4480,128,128,549,747
glacirite_xp_scroll_jewelcrafting,Glacirite Scroll of Jewelcrafting,Consumable,XP Scroll,33,consumable.xp_scroll.jewelcrafting,tier-neutral XP scroll archetype,scroll.jewelcrafting,353,35,3,384,4480,128,128,550,748
primordite_xp_scroll_jewelcrafting,Primordite Scroll of Jewelcrafting,Consumable,XP Scroll,34,consumable.xp_scroll.jewelcrafting,tier-neutral XP scroll archetype,scroll.jewelcrafting,353,35,3,384,4480,128,128,551,749
copper_xp_scroll_spellcrafting,Copper Scroll of Spellcrafting,Consumable,XP Scroll,1,consumable.xp_scroll.spellcrafting,tier-neutral XP scroll archetype,scroll.spellcrafting,354,35,4,512,4480,128,128,552,750
iron_xp_scroll_spellcrafting,Iron Scroll of Spellcrafting,Consumable,XP Scroll,2,consumable.xp_scroll.spellcrafting,tier-neutral XP scroll archetype,scroll.spellcrafting,354,35,4,512,4480,128,128,553,751
silver_xp_scroll_spellcrafting,Silver Scroll of Spellcrafting,Consumable,XP Scroll,3,consumable.xp_scroll.spellcrafting,tier-neutral XP scroll archetype,scroll.spellcrafting,354,35,4,512,4480,128,128,554,752
gold_xp_scroll_spellcrafting,Gold Scroll of Spellcrafting,Consumable,XP Scroll,4,consumable.xp_scroll.spellcrafting,tier-neutral XP scroll archetype,scroll.spellcrafting,354,35,4,512,4480,128,128,555,753
mythril_xp_scroll_spellcrafting,Mythril Scroll of Spellcrafting,Consumable,XP Scroll,5,consumable.xp_scroll.spellcrafting,tier-neutral XP scroll archetype,scroll.spellcrafting,354,35,4,512,4480,128,128,556,754
starsteel_xp_scroll_spellcrafting,Starsteel Scroll of Spellcrafting,Consumable,XP Scroll,6,consumable.xp_scroll.spellcrafting,tier-neutral XP scroll archetype,scroll.spellcrafting,354,35,4,512,4480,128,128,557,755
obsidian_xp_scroll_spellcrafting,Obsidian Scroll of Spellcrafting,Consumable,XP Scroll,7,consumable.xp_scroll.spellcrafting,tier-neutral XP scroll archetype,scroll.spellcrafting,354,35,4,512,4480,128,128,558,756
runite_xp_scroll_spellcrafting,Runite Scroll of Spellcrafting,Consumable,XP Scroll,8,consumable.xp_scroll.spellcrafting,tier-neutral XP scroll archetype,scroll.spellcrafting,354,35,4,512,4480,128,128,559,757
dragonsteel_xp_scroll_spellcrafting,Dragonsteel Scroll of Spellcrafting,Consumable,XP Scroll,9,consumable.xp_scroll.spellcrafting,tier-neutral XP scroll archetype,scroll.spellcrafting,354,35,4,512,4480,128,128,560,758
aethersteel_xp_scroll_spellcrafting,Aethersteel Scroll of Spellcrafting,Consumable,XP Scroll,10,consumable.xp_scroll.spellcrafting,tier-neutral XP scroll archetype,scroll.spellcrafting,354,35,4,512,4480,128,128,561,759
voidiron_xp_scroll_spellcrafting,Voidiron Scroll of Spellcrafting,Consumable,XP Scroll,11,consumable.xp_scroll.spellcrafting,tier-neutral XP scroll archetype,scroll.spellcrafting,354,35,4,512,4480,128,128,562,760
celestium_xp_scroll_spellcrafting,Celestium Scroll of Spellcrafting,Consumable,XP Scroll,12,consumable.xp_scroll.spellcrafting,tier-neutral XP scroll archetype,scroll.spellcrafting,354,35,4,512,4480,128,128,563,761
bloodstone_xp_scroll_spellcrafting,Bloodstone Scroll of Spellcrafting,Consumable,XP Scroll,13,consumable.xp_scroll.spellcrafting,tier-neutral XP scroll archetype,scroll.spellcrafting,354,35,4,512,4480,128,128,564,762
moonsteel_xp_scroll_spellcrafting,Moonsteel Scroll of Spellcrafting,Consumable,XP Scroll,14,consumable.xp_scroll.spellcrafting,tier-neutral XP scroll archetype,scroll.spellcrafting,354,35,4,512,4480,128,128,565,763
sunforged_xp_scroll_spellcrafting,Sunforged Scroll of Spellcrafting,Consumable,XP Scroll,15,consumable.xp_scroll.spellcrafting,tier-neutral XP scroll archetype,scroll.spellcrafting,354,35,4,512,4480,128,128,566,764
netherite_xp_scroll_spellcrafting,Netherite Scroll of Spellcrafting,Consumable,XP Scroll,16,consumable.xp_scroll.spellcrafting,tier-neutral XP scroll archetype,scroll.spellcrafting,354,35,4,512,4480,128,128,567,765
stormglass_xp_scroll_spellcrafting,Stormglass Scroll of Spellcrafting,Consumable,XP Scroll,17,consumable.xp_scroll.spellcrafting,tier-neutral XP scroll archetype,scroll.spellcrafting,354,35,4,512,4480,128,128,568,766
kingssteel_xp_scroll_spellcrafting,Kingssteel Scroll of Spellcrafting,Consumable,XP Scroll,18,consumable.xp_scroll.spellcrafting,tier-neutral XP scroll archetype,scroll.spellcrafting,354,35,4,512,4480,128,128,569,767
eternium_xp_scroll_spellcrafting,Eternium Scroll of Spellcrafting,Consumable,XP Scroll,19,consumable.xp_scroll.spellcrafting,tier-neutral XP scroll archetype,scroll.spellcrafting,354,35,4,512,4480,128,128,570,768
astralium_xp_scroll_spellcrafting,Astralium Scroll of Spellcrafting,Consumable,XP Scroll,20,consumable.xp_scroll.spellcrafting,tier-neutral XP scroll archetype,scroll.spellcrafting,354,35,4,512,4480,128,128,571,769
gravite_xp_scroll_spellcrafting,Gravite Scroll of Spellcrafting,Consumable,XP Scroll,21,consumable.xp_scroll.spellcrafting,tier-neutral XP scroll archetype,scroll.spellcrafting,354,35,4,512,4480,128,128,572,770
frostiron_xp_scroll_spellcrafting,Frostiron Scroll of Spellcrafting,Consumable,XP Scroll,22,consumable.xp_scroll.spellcrafting,tier-neutral XP scroll archetype,scroll.spellcrafting,354,35,4,512,4480,128,128,573,771
dusksteel_xp_scroll_spellcrafting,Dusksteel Scroll of Spellcrafting,Consumable,XP Scroll,23,consumable.xp_scroll.spellcrafting,tier-neutral XP scroll archetype,scroll.spellcrafting,354,35,4,512,4480,128,128,574,772
titanium_xp_scroll_spellcrafting,Titanium Scroll of Spellcrafting,Consumable,XP Scroll,24,consumable.xp_scroll.spellcrafting,tier-neutral XP scroll archetype,scroll.spellcrafting,354,35,4,512,4480,128,128,575,773
skysteel_xp_scroll_spellcrafting,Skysteel Scroll of Spellcrafting,Consumable,XP Scroll,25,consumable.xp_scroll.spellcrafting,tier-neutral XP scroll archetype,scroll.spellcrafting,354,35,4,512,4480,128,128,576,774
emberium_xp_scroll_spellcrafting,Emberium Scroll of Spellcrafting,Consumable,XP Scroll,26,consumable.xp_scroll.spellcrafting,tier-neutral XP scroll archetype,scroll.spellcrafting,354,35,4,512,4480,128,128,577,775
soulsteel_xp_scroll_spellcrafting,Soulsteel Scroll of Spellcrafting,Consumable,XP Scroll,27,consumable.xp_scroll.spellcrafting,tier-neutral XP scroll archetype,scroll.spellcrafting,354,35,4,512,4480,128,128,578,776
chronite_xp_scroll_spellcrafting,Chronite Scroll of Spellcrafting,Consumable,XP Scroll,28,consumable.xp_scroll.spellcrafting,tier-neutral XP scroll archetype,scroll.spellcrafting,354,35,4,512,4480,128,128,579,777
worldforge_xp_scroll_spellcrafting,Worldforge Scroll of Spellcrafting,Consumable,XP Scroll,29,consumable.xp_scroll.spellcrafting,tier-neutral XP scroll archetype,scroll.spellcrafting,354,35,4,512,4480,128,128,580,778
voidglass_xp_scroll_spellcrafting,Voidglass Scroll of Spellcrafting,Consumable,XP Scroll,30,consumable.xp_scroll.spellcrafting,tier-neutral XP scroll archetype,scroll.spellcrafting,354,35,4,512,4480,128,128,581,779
thalassic_xp_scroll_spellcrafting,Thalassic Scroll of Spellcrafting,Consumable,XP Scroll,31,consumable.xp_scroll.spellcrafting,tier-neutral XP scroll archetype,scroll.spellcrafting,354,35,4,512,4480,128,128,582,780
ashspire_xp_scroll_spellcrafting,Ashspire Scroll of Spellcrafting,Consumable,XP Scroll,32,consumable.xp_scroll.spellcrafting,tier-neutral XP scroll archetype,scroll.spellcrafting,354,35,4,512,4480,128,128,583,781
glacirite_xp_scroll_spellcrafting,Glacirite Scroll of Spellcrafting,Consumable,XP Scroll,33,consumable.xp_scroll.spellcrafting,tier-neutral XP scroll archetype,scroll.spellcrafting,354,35,4,512,4480,128,128,584,782
primordite_xp_scroll_spellcrafting,Primordite Scroll of Spellcrafting,Consumable,XP Scroll,34,consumable.xp_scroll.spellcrafting,tier-neutral XP scroll archetype,scroll.spellcrafting,354,35,4,512,4480,128,128,585,783
copper_weapon_enchant,Copper Weapon Enchant - Attack,Consumable,Enchant Scroll,1,consumable.enchant.weapon_attack,tier-neutral enchantment archetype,enchant.weapon_attack,355,35,5,640,4480,128,128,586,784
iron_weapon_enchant,Iron Weapon Enchant - Attack,Consumable,Enchant Scroll,2,consumable.enchant.weapon_attack,tier-neutral enchantment archetype,enchant.weapon_attack,355,35,5,640,4480,128,128,586,785
silver_weapon_enchant,Silver Weapon Enchant - Attack,Consumable,Enchant Scroll,3,consumable.enchant.weapon_attack,tier-neutral enchantment archetype,enchant.weapon_attack,355,35,5,640,4480,128,128,586,786
gold_weapon_enchant,Gold Weapon Enchant - Attack,Consumable,Enchant Scroll,4,consumable.enchant.weapon_attack,tier-neutral enchantment archetype,enchant.weapon_attack,355,35,5,640,4480,128,128,586,787
mythril_weapon_enchant,Mythril Weapon Enchant - Attack,Consumable,Enchant Scroll,5,consumable.enchant.weapon_attack,tier-neutral enchantment archetype,enchant.weapon_attack,355,35,5,640,4480,128,128,586,788
starsteel_weapon_enchant,Starsteel Weapon Enchant - Attack,Consumable,Enchant Scroll,6,consumable.enchant.weapon_attack,tier-neutral enchantment archetype,enchant.weapon_attack,355,35,5,640,4480,128,128,586,789
obsidian_weapon_enchant,Obsidian Weapon Enchant - Attack,Consumable,Enchant Scroll,7,consumable.enchant.weapon_attack,tier-neutral enchantment archetype,enchant.weapon_attack,355,35,5,640,4480,128,128,586,790
runite_weapon_enchant,Runite Weapon Enchant - Attack,Consumable,Enchant Scroll,8,consumable.enchant.weapon_attack,tier-neutral enchantment archetype,enchant.weapon_attack,355,35,5,640,4480,128,128,586,791
dragonsteel_weapon_enchant,Dragonsteel Weapon Enchant - Attack,Consumable,Enchant Scroll,9,consumable.enchant.weapon_attack,tier-neutral enchantment archetype,enchant.weapon_attack,355,35,5,640,4480,128,128,586,792
aethersteel_weapon_enchant,Aethersteel Weapon Enchant - Attack,Consumable,Enchant Scroll,10,consumable.enchant.weapon_attack,tier-neutral enchantment archetype,enchant.weapon_attack,355,35,5,640,4480,128,128,586,793
voidiron_weapon_enchant,Voidiron Weapon Enchant - Attack,Consumable,Enchant Scroll,11,consumable.enchant.weapon_attack,tier-neutral enchantment archetype,enchant.weapon_attack,355,35,5,640,4480,128,128,586,794
celestium_weapon_enchant,Celestium Weapon Enchant - Attack,Consumable,Enchant Scroll,12,consumable.enchant.weapon_attack,tier-neutral enchantment archetype,enchant.weapon_attack,355,35,5,640,4480,128,128,586,795
bloodstone_weapon_enchant,Bloodstone Weapon Enchant - Attack,Consumable,Enchant Scroll,13,consumable.enchant.weapon_attack,tier-neutral enchantment archetype,enchant.weapon_attack,355,35,5,640,4480,128,128,586,796
moonsteel_weapon_enchant,Moonsteel Weapon Enchant - Attack,Consumable,Enchant Scroll,14,consumable.enchant.weapon_attack,tier-neutral enchantment archetype,enchant.weapon_attack,355,35,5,640,4480,128,128,586,797
sunforged_weapon_enchant,Sunforged Weapon Enchant - Attack,Consumable,Enchant Scroll,15,consumable.enchant.weapon_attack,tier-neutral enchantment archetype,enchant.weapon_attack,355,35,5,640,4480,128,128,586,798
netherite_weapon_enchant,Netherite Weapon Enchant - Attack,Consumable,Enchant Scroll,16,consumable.enchant.weapon_attack,tier-neutral enchantment archetype,enchant.weapon_attack,355,35,5,640,4480,128,128,586,799
stormglass_weapon_enchant,Stormglass Weapon Enchant - Attack,Consumable,Enchant Scroll,17,consumable.enchant.weapon_attack,tier-neutral enchantment archetype,enchant.weapon_attack,355,35,5,640,4480,128,128,586,800
kingssteel_weapon_enchant,Kingssteel Weapon Enchant - Attack,Consumable,Enchant Scroll,18,consumable.enchant.weapon_attack,tier-neutral enchantment archetype,enchant.weapon_attack,355,35,5,640,4480,128,128,586,801
eternium_weapon_enchant,Eternium Weapon Enchant - Attack,Consumable,Enchant Scroll,19,consumable.enchant.weapon_attack,tier-neutral enchantment archetype,enchant.weapon_attack,355,35,5,640,4480,128,128,586,802
astralium_weapon_enchant,Astralium Weapon Enchant - Attack,Consumable,Enchant Scroll,20,consumable.enchant.weapon_attack,tier-neutral enchantment archetype,enchant.weapon_attack,355,35,5,640,4480,128,128,586,803
gravite_weapon_enchant,Gravite Weapon Enchant - Attack,Consumable,Enchant Scroll,21,consumable.enchant.weapon_attack,tier-neutral enchantment archetype,enchant.weapon_attack,355,35,5,640,4480,128,128,586,804
frostiron_weapon_enchant,Frostiron Weapon Enchant - Attack,Consumable,Enchant Scroll,22,consumable.enchant.weapon_attack,tier-neutral enchantment archetype,enchant.weapon_attack,355,35,5,640,4480,128,128,586,805
dusksteel_weapon_enchant,Dusksteel Weapon Enchant - Attack,Consumable,Enchant Scroll,23,consumable.enchant.weapon_attack,tier-neutral enchantment archetype,enchant.weapon_attack,355,35,5,640,4480,128,128,586,806
titanium_weapon_enchant,Titanium Weapon Enchant - Attack,Consumable,Enchant Scroll,24,consumable.enchant.weapon_attack,tier-neutral enchantment archetype,enchant.weapon_attack,355,35,5,640,4480,128,128,586,807
skysteel_weapon_enchant,Skysteel Weapon Enchant - Attack,Consumable,Enchant Scroll,25,consumable.enchant.weapon_attack,tier-neutral enchantment archetype,enchant.weapon_attack,355,35,5,640,4480,128,128,586,808
emberium_weapon_enchant,Emberium Weapon Enchant - Attack,Consumable,Enchant Scroll,26,consumable.enchant.weapon_attack,tier-neutral enchantment archetype,enchant.weapon_attack,355,35,5,640,4480,128,128,586,809
soulsteel_weapon_enchant,Soulsteel Weapon Enchant - Attack,Consumable,Enchant Scroll,27,consumable.enchant.weapon_attack,tier-neutral enchantment archetype,enchant.weapon_attack,355,35,5,640,4480,128,128,586,810
chronite_weapon_enchant,Chronite Weapon Enchant - Attack,Consumable,Enchant Scroll,28,consumable.enchant.weapon_attack,tier-neutral enchantment archetype,enchant.weapon_attack,355,35,5,640,4480,128,128,586,811
worldforge_weapon_enchant,Worldforge Weapon Enchant - Attack,Consumable,Enchant Scroll,29,consumable.enchant.weapon_attack,tier-neutral enchantment archetype,enchant.weapon_attack,355,35,5,640,4480,128,128,586,812
voidglass_weapon_enchant,Voidglass Weapon Enchant - Attack,Consumable,Enchant Scroll,30,consumable.enchant.weapon_attack,tier-neutral enchantment archetype,enchant.weapon_attack,355,35,5,640,4480,128,128,586,813
thalassic_weapon_enchant,Thalassic Weapon Enchant - Attack,Consumable,Enchant Scroll,31,consumable.enchant.weapon_attack,tier-neutral enchantment archetype,enchant.weapon_attack,355,35,5,640,4480,128,128,586,814
ashspire_weapon_enchant,Ashspire Weapon Enchant - Attack,Consumable,Enchant Scroll,32,consumable.enchant.weapon_attack,tier-neutral enchantment archetype,enchant.weapon_attack,355,35,5,640,4480,128,128,586,815
glacirite_weapon_enchant,Glacirite Weapon Enchant - Attack,Consumable,Enchant Scroll,33,consumable.enchant.weapon_attack,tier-neutral enchantment archetype,enchant.weapon_attack,355,35,5,640,4480,128,128,586,816
primordite_weapon_enchant,Primordite Weapon Enchant - Attack,Consumable,Enchant Scroll,34,consumable.enchant.weapon_attack,tier-neutral enchantment archetype,enchant.weapon_attack,355,35,5,640,4480,128,128,586,817
copper_ring_enchant,Copper Ring Enchant - Experience,Consumable,Enchant Scroll,1,consumable.enchant.ring_experience,tier-neutral enchantment archetype,enchant.ring_experience,356,35,6,768,4480,128,128,587,818
iron_ring_enchant,Iron Ring Enchant - Experience,Consumable,Enchant Scroll,2,consumable.enchant.ring_experience,tier-neutral enchantment archetype,enchant.ring_experience,356,35,6,768,4480,128,128,587,819
silver_ring_enchant,Silver Ring Enchant - Experience,Consumable,Enchant Scroll,3,consumable.enchant.ring_experience,tier-neutral enchantment archetype,enchant.ring_experience,356,35,6,768,4480,128,128,587,820
gold_ring_enchant,Gold Ring Enchant - Experience,Consumable,Enchant Scroll,4,consumable.enchant.ring_experience,tier-neutral enchantment archetype,enchant.ring_experience,356,35,6,768,4480,128,128,587,821
mythril_ring_enchant,Mythril Ring Enchant - Experience,Consumable,Enchant Scroll,5,consumable.enchant.ring_experience,tier-neutral enchantment archetype,enchant.ring_experience,356,35,6,768,4480,128,128,587,822
starsteel_ring_enchant,Starsteel Ring Enchant - Experience,Consumable,Enchant Scroll,6,consumable.enchant.ring_experience,tier-neutral enchantment archetype,enchant.ring_experience,356,35,6,768,4480,128,128,587,823
obsidian_ring_enchant,Obsidian Ring Enchant - Experience,Consumable,Enchant Scroll,7,consumable.enchant.ring_experience,tier-neutral enchantment archetype,enchant.ring_experience,356,35,6,768,4480,128,128,587,824
runite_ring_enchant,Runite Ring Enchant - Experience,Consumable,Enchant Scroll,8,consumable.enchant.ring_experience,tier-neutral enchantment archetype,enchant.ring_experience,356,35,6,768,4480,128,128,587,825
dragonsteel_ring_enchant,Dragonsteel Ring Enchant - Experience,Consumable,Enchant Scroll,9,consumable.enchant.ring_experience,tier-neutral enchantment archetype,enchant.ring_experience,356,35,6,768,4480,128,128,587,826
aethersteel_ring_enchant,Aethersteel Ring Enchant - Experience,Consumable,Enchant Scroll,10,consumable.enchant.ring_experience,tier-neutral enchantment archetype,enchant.ring_experience,356,35,6,768,4480,128,128,587,827
voidiron_ring_enchant,Voidiron Ring Enchant - Experience,Consumable,Enchant Scroll,11,consumable.enchant.ring_experience,tier-neutral enchantment archetype,enchant.ring_experience,356,35,6,768,4480,128,128,587,828
celestium_ring_enchant,Celestium Ring Enchant - Experience,Consumable,Enchant Scroll,12,consumable.enchant.ring_experience,tier-neutral enchantment archetype,enchant.ring_experience,356,35,6,768,4480,128,128,587,829
bloodstone_ring_enchant,Bloodstone Ring Enchant - Experience,Consumable,Enchant Scroll,13,consumable.enchant.ring_experience,tier-neutral enchantment archetype,enchant.ring_experience,356,35,6,768,4480,128,128,587,830
moonsteel_ring_enchant,Moonsteel Ring Enchant - Experience,Consumable,Enchant Scroll,14,consumable.enchant.ring_experience,tier-neutral enchantment archetype,enchant.ring_experience,356,35,6,768,4480,128,128,587,831
sunforged_ring_enchant,Sunforged Ring Enchant - Experience,Consumable,Enchant Scroll,15,consumable.enchant.ring_experience,tier-neutral enchantment archetype,enchant.ring_experience,356,35,6,768,4480,128,128,587,832
netherite_ring_enchant,Netherite Ring Enchant - Experience,Consumable,Enchant Scroll,16,consumable.enchant.ring_experience,tier-neutral enchantment archetype,enchant.ring_experience,356,35,6,768,4480,128,128,587,833
stormglass_ring_enchant,Stormglass Ring Enchant - Experience,Consumable,Enchant Scroll,17,consumable.enchant.ring_experience,tier-neutral enchantment archetype,enchant.ring_experience,356,35,6,768,4480,128,128,587,834
kingssteel_ring_enchant,Kingssteel Ring Enchant - Experience,Consumable,Enchant Scroll,18,consumable.enchant.ring_experience,tier-neutral enchantment archetype,enchant.ring_experience,356,35,6,768,4480,128,128,587,835
eternium_ring_enchant,Eternium Ring Enchant - Experience,Consumable,Enchant Scroll,19,consumable.enchant.ring_experience,tier-neutral enchantment archetype,enchant.ring_experience,356,35,6,768,4480,128,128,587,836
astralium_ring_enchant,Astralium Ring Enchant - Experience,Consumable,Enchant Scroll,20,consumable.enchant.ring_experience,tier-neutral enchantment archetype,enchant.ring_experience,356,35,6,768,4480,128,128,587,837
gravite_ring_enchant,Gravite Ring Enchant - Experience,Consumable,Enchant Scroll,21,consumable.enchant.ring_experience,tier-neutral enchantment archetype,enchant.ring_experience,356,35,6,768,4480,128,128,587,838
frostiron_ring_enchant,Frostiron Ring Enchant - Experience,Consumable,Enchant Scroll,22,consumable.enchant.ring_experience,tier-neutral enchantment archetype,enchant.ring_experience,356,35,6,768,4480,128,128,587,839
dusksteel_ring_enchant,Dusksteel Ring Enchant - Experience,Consumable,Enchant Scroll,23,consumable.enchant.ring_experience,tier-neutral enchantment archetype,enchant.ring_experience,356,35,6,768,4480,128,128,587,840
titanium_ring_enchant,Titanium Ring Enchant - Experience,Consumable,Enchant Scroll,24,consumable.enchant.ring_experience,tier-neutral enchantment archetype,enchant.ring_experience,356,35,6,768,4480,128,128,587,841
skysteel_ring_enchant,Skysteel Ring Enchant - Experience,Consumable,Enchant Scroll,25,consumable.enchant.ring_experience,tier-neutral enchantment archetype,enchant.ring_experience,356,35,6,768,4480,128,128,587,842
emberium_ring_enchant,Emberium Ring Enchant - Experience,Consumable,Enchant Scroll,26,consumable.enchant.ring_experience,tier-neutral enchantment archetype,enchant.ring_experience,356,35,6,768,4480,128,128,587,843
soulsteel_ring_enchant,Soulsteel Ring Enchant - Experience,Consumable,Enchant Scroll,27,consumable.enchant.ring_experience,tier-neutral enchantment archetype,enchant.ring_experience,356,35,6,768,4480,128,128,587,844
chronite_ring_enchant,Chronite Ring Enchant - Experience,Consumable,Enchant Scroll,28,consumable.enchant.ring_experience,tier-neutral enchantment archetype,enchant.ring_experience,356,35,6,768,4480,128,128,587,845
worldforge_ring_enchant,Worldforge Ring Enchant - Experience,Consumable,Enchant Scroll,29,consumable.enchant.ring_experience,tier-neutral enchantment archetype,enchant.ring_experience,356,35,6,768,4480,128,128,587,846
voidglass_ring_enchant,Voidglass Ring Enchant - Experience,Consumable,Enchant Scroll,30,consumable.enchant.ring_experience,tier-neutral enchantment archetype,enchant.ring_experience,356,35,6,768,4480,128,128,587,847
thalassic_ring_enchant,Thalassic Ring Enchant - Experience,Consumable,Enchant Scroll,31,consumable.enchant.ring_experience,tier-neutral enchantment archetype,enchant.ring_experience,356,35,6,768,4480,128,128,587,848
ashspire_ring_enchant,Ashspire Ring Enchant - Experience,Consumable,Enchant Scroll,32,consumable.enchant.ring_experience,tier-neutral enchantment archetype,enchant.ring_experience,356,35,6,768,4480,128,128,587,849
glacirite_ring_enchant,Glacirite Ring Enchant - Experience,Consumable,Enchant Scroll,33,consumable.enchant.ring_experience,tier-neutral enchantment archetype,enchant.ring_experience,356,35,6,768,4480,128,128,587,850
primordite_ring_enchant,Primordite Ring Enchant - Experience,Consumable,Enchant Scroll,34,consumable.enchant.ring_experience,tier-neutral enchantment archetype,enchant.ring_experience,356,35,6,768,4480,128,128,587,851
copper_helm_enchant,Copper Helm Enchant - Gold Find,Consumable,Enchant Scroll,1,consumable.enchant.helm_gold_find,tier-neutral enchantment archetype,enchant.helm_gold_find,357,35,7,896,4480,128,128,588,852
iron_helm_enchant,Iron Helm Enchant - Gold Find,Consumable,Enchant Scroll,2,consumable.enchant.helm_gold_find,tier-neutral enchantment archetype,enchant.helm_gold_find,357,35,7,896,4480,128,128,588,853
silver_helm_enchant,Silver Helm Enchant - Gold Find,Consumable,Enchant Scroll,3,consumable.enchant.helm_gold_find,tier-neutral enchantment archetype,enchant.helm_gold_find,357,35,7,896,4480,128,128,588,854
gold_helm_enchant,Gold Helm Enchant - Gold Find,Consumable,Enchant Scroll,4,consumable.enchant.helm_gold_find,tier-neutral enchantment archetype,enchant.helm_gold_find,357,35,7,896,4480,128,128,588,855
mythril_helm_enchant,Mythril Helm Enchant - Gold Find,Consumable,Enchant Scroll,5,consumable.enchant.helm_gold_find,tier-neutral enchantment archetype,enchant.helm_gold_find,357,35,7,896,4480,128,128,588,856
starsteel_helm_enchant,Starsteel Helm Enchant - Gold Find,Consumable,Enchant Scroll,6,consumable.enchant.helm_gold_find,tier-neutral enchantment archetype,enchant.helm_gold_find,357,35,7,896,4480,128,128,588,857
obsidian_helm_enchant,Obsidian Helm Enchant - Gold Find,Consumable,Enchant Scroll,7,consumable.enchant.helm_gold_find,tier-neutral enchantment archetype,enchant.helm_gold_find,357,35,7,896,4480,128,128,588,858
runite_helm_enchant,Runite Helm Enchant - Gold Find,Consumable,Enchant Scroll,8,consumable.enchant.helm_gold_find,tier-neutral enchantment archetype,enchant.helm_gold_find,357,35,7,896,4480,128,128,588,859
dragonsteel_helm_enchant,Dragonsteel Helm Enchant - Gold Find,Consumable,Enchant Scroll,9,consumable.enchant.helm_gold_find,tier-neutral enchantment archetype,enchant.helm_gold_find,357,35,7,896,4480,128,128,588,860
aethersteel_helm_enchant,Aethersteel Helm Enchant - Gold Find,Consumable,Enchant Scroll,10,consumable.enchant.helm_gold_find,tier-neutral enchantment archetype,enchant.helm_gold_find,357,35,7,896,4480,128,128,588,861
voidiron_helm_enchant,Voidiron Helm Enchant - Gold Find,Consumable,Enchant Scroll,11,consumable.enchant.helm_gold_find,tier-neutral enchantment archetype,enchant.helm_gold_find,357,35,7,896,4480,128,128,588,862
celestium_helm_enchant,Celestium Helm Enchant - Gold Find,Consumable,Enchant Scroll,12,consumable.enchant.helm_gold_find,tier-neutral enchantment archetype,enchant.helm_gold_find,357,35,7,896,4480,128,128,588,863
bloodstone_helm_enchant,Bloodstone Helm Enchant - Gold Find,Consumable,Enchant Scroll,13,consumable.enchant.helm_gold_find,tier-neutral enchantment archetype,enchant.helm_gold_find,357,35,7,896,4480,128,128,588,864
moonsteel_helm_enchant,Moonsteel Helm Enchant - Gold Find,Consumable,Enchant Scroll,14,consumable.enchant.helm_gold_find,tier-neutral enchantment archetype,enchant.helm_gold_find,357,35,7,896,4480,128,128,588,865
sunforged_helm_enchant,Sunforged Helm Enchant - Gold Find,Consumable,Enchant Scroll,15,consumable.enchant.helm_gold_find,tier-neutral enchantment archetype,enchant.helm_gold_find,357,35,7,896,4480,128,128,588,866
netherite_helm_enchant,Netherite Helm Enchant - Gold Find,Consumable,Enchant Scroll,16,consumable.enchant.helm_gold_find,tier-neutral enchantment archetype,enchant.helm_gold_find,357,35,7,896,4480,128,128,588,867
stormglass_helm_enchant,Stormglass Helm Enchant - Gold Find,Consumable,Enchant Scroll,17,consumable.enchant.helm_gold_find,tier-neutral enchantment archetype,enchant.helm_gold_find,357,35,7,896,4480,128,128,588,868
kingssteel_helm_enchant,Kingssteel Helm Enchant - Gold Find,Consumable,Enchant Scroll,18,consumable.enchant.helm_gold_find,tier-neutral enchantment archetype,enchant.helm_gold_find,357,35,7,896,4480,128,128,588,869
eternium_helm_enchant,Eternium Helm Enchant - Gold Find,Consumable,Enchant Scroll,19,consumable.enchant.helm_gold_find,tier-neutral enchantment archetype,enchant.helm_gold_find,357,35,7,896,4480,128,128,588,870
astralium_helm_enchant,Astralium Helm Enchant - Gold Find,Consumable,Enchant Scroll,20,consumable.enchant.helm_gold_find,tier-neutral enchantment archetype,enchant.helm_gold_find,357,35,7,896,4480,128,128,588,871
gravite_helm_enchant,Gravite Helm Enchant - Gold Find,Consumable,Enchant Scroll,21,consumable.enchant.helm_gold_find,tier-neutral enchantment archetype,enchant.helm_gold_find,357,35,7,896,4480,128,128,588,872
frostiron_helm_enchant,Frostiron Helm Enchant - Gold Find,Consumable,Enchant Scroll,22,consumable.enchant.helm_gold_find,tier-neutral enchantment archetype,enchant.helm_gold_find,357,35,7,896,4480,128,128,588,873
dusksteel_helm_enchant,Dusksteel Helm Enchant - Gold Find,Consumable,Enchant Scroll,23,consumable.enchant.helm_gold_find,tier-neutral enchantment archetype,enchant.helm_gold_find,357,35,7,896,4480,128,128,588,874
titanium_helm_enchant,Titanium Helm Enchant - Gold Find,Consumable,Enchant Scroll,24,consumable.enchant.helm_gold_find,tier-neutral enchantment archetype,enchant.helm_gold_find,357,35,7,896,4480,128,128,588,875
skysteel_helm_enchant,Skysteel Helm Enchant - Gold Find,Consumable,Enchant Scroll,25,consumable.enchant.helm_gold_find,tier-neutral enchantment archetype,enchant.helm_gold_find,357,35,7,896,4480,128,128,588,876
emberium_helm_enchant,Emberium Helm Enchant - Gold Find,Consumable,Enchant Scroll,26,consumable.enchant.helm_gold_find,tier-neutral enchantment archetype,enchant.helm_gold_find,357,35,7,896,4480,128,128,588,877
soulsteel_helm_enchant,Soulsteel Helm Enchant - Gold Find,Consumable,Enchant Scroll,27,consumable.enchant.helm_gold_find,tier-neutral enchantment archetype,enchant.helm_gold_find,357,35,7,896,4480,128,128,588,878
chronite_helm_enchant,Chronite Helm Enchant - Gold Find,Consumable,Enchant Scroll,28,consumable.enchant.helm_gold_find,tier-neutral enchantment archetype,enchant.helm_gold_find,357,35,7,896,4480,128,128,588,879
worldforge_helm_enchant,Worldforge Helm Enchant - Gold Find,Consumable,Enchant Scroll,29,consumable.enchant.helm_gold_find,tier-neutral enchantment archetype,enchant.helm_gold_find,357,35,7,896,4480,128,128,588,880
voidglass_helm_enchant,Voidglass Helm Enchant - Gold Find,Consumable,Enchant Scroll,30,consumable.enchant.helm_gold_find,tier-neutral enchantment archetype,enchant.helm_gold_find,357,35,7,896,4480,128,128,588,881
thalassic_helm_enchant,Thalassic Helm Enchant - Gold Find,Consumable,Enchant Scroll,31,consumable.enchant.helm_gold_find,tier-neutral enchantment archetype,enchant.helm_gold_find,357,35,7,896,4480,128,128,588,882
ashspire_helm_enchant,Ashspire Helm Enchant - Gold Find,Consumable,Enchant Scroll,32,consumable.enchant.helm_gold_find,tier-neutral enchantment archetype,enchant.helm_gold_find,357,35,7,896,4480,128,128,588,883
glacirite_helm_enchant,Glacirite Helm Enchant - Gold Find,Consumable,Enchant Scroll,33,consumable.enchant.helm_gold_find,tier-neutral enchantment archetype,enchant.helm_gold_find,357,35,7,896,4480,128,128,588,884
primordite_helm_enchant,Primordite Helm Enchant - Gold Find,Consumable,Enchant Scroll,34,consumable.enchant.helm_gold_find,tier-neutral enchantment archetype,enchant.helm_gold_find,357,35,7,896,4480,128,128,588,885
copper_gloves_enchant,Copper Gloves Enchant - Item Find,Consumable,Enchant Scroll,1,consumable.enchant.gloves_item_find,tier-neutral enchantment archetype,enchant.gloves_item_find,358,35,8,1024,4480,128,128,589,886
iron_gloves_enchant,Iron Gloves Enchant - Item Find,Consumable,Enchant Scroll,2,consumable.enchant.gloves_item_find,tier-neutral enchantment archetype,enchant.gloves_item_find,358,35,8,1024,4480,128,128,589,887
silver_gloves_enchant,Silver Gloves Enchant - Item Find,Consumable,Enchant Scroll,3,consumable.enchant.gloves_item_find,tier-neutral enchantment archetype,enchant.gloves_item_find,358,35,8,1024,4480,128,128,589,888
gold_gloves_enchant,Gold Gloves Enchant - Item Find,Consumable,Enchant Scroll,4,consumable.enchant.gloves_item_find,tier-neutral enchantment archetype,enchant.gloves_item_find,358,35,8,1024,4480,128,128,589,889
mythril_gloves_enchant,Mythril Gloves Enchant - Item Find,Consumable,Enchant Scroll,5,consumable.enchant.gloves_item_find,tier-neutral enchantment archetype,enchant.gloves_item_find,358,35,8,1024,4480,128,128,589,890
starsteel_gloves_enchant,Starsteel Gloves Enchant - Item Find,Consumable,Enchant Scroll,6,consumable.enchant.gloves_item_find,tier-neutral enchantment archetype,enchant.gloves_item_find,358,35,8,1024,4480,128,128,589,891
obsidian_gloves_enchant,Obsidian Gloves Enchant - Item Find,Consumable,Enchant Scroll,7,consumable.enchant.gloves_item_find,tier-neutral enchantment archetype,enchant.gloves_item_find,358,35,8,1024,4480,128,128,589,892
runite_gloves_enchant,Runite Gloves Enchant - Item Find,Consumable,Enchant Scroll,8,consumable.enchant.gloves_item_find,tier-neutral enchantment archetype,enchant.gloves_item_find,358,35,8,1024,4480,128,128,589,893
dragonsteel_gloves_enchant,Dragonsteel Gloves Enchant - Item Find,Consumable,Enchant Scroll,9,consumable.enchant.gloves_item_find,tier-neutral enchantment archetype,enchant.gloves_item_find,358,35,8,1024,4480,128,128,589,894
aethersteel_gloves_enchant,Aethersteel Gloves Enchant - Item Find,Consumable,Enchant Scroll,10,consumable.enchant.gloves_item_find,tier-neutral enchantment archetype,enchant.gloves_item_find,358,35,8,1024,4480,128,128,589,895
voidiron_gloves_enchant,Voidiron Gloves Enchant - Item Find,Consumable,Enchant Scroll,11,consumable.enchant.gloves_item_find,tier-neutral enchantment archetype,enchant.gloves_item_find,358,35,8,1024,4480,128,128,589,896
celestium_gloves_enchant,Celestium Gloves Enchant - Item Find,Consumable,Enchant Scroll,12,consumable.enchant.gloves_item_find,tier-neutral enchantment archetype,enchant.gloves_item_find,358,35,8,1024,4480,128,128,589,897
bloodstone_gloves_enchant,Bloodstone Gloves Enchant - Item Find,Consumable,Enchant Scroll,13,consumable.enchant.gloves_item_find,tier-neutral enchantment archetype,enchant.gloves_item_find,358,35,8,1024,4480,128,128,589,898
moonsteel_gloves_enchant,Moonsteel Gloves Enchant - Item Find,Consumable,Enchant Scroll,14,consumable.enchant.gloves_item_find,tier-neutral enchantment archetype,enchant.gloves_item_find,358,35,8,1024,4480,128,128,589,899
sunforged_gloves_enchant,Sunforged Gloves Enchant - Item Find,Consumable,Enchant Scroll,15,consumable.enchant.gloves_item_find,tier-neutral enchantment archetype,enchant.gloves_item_find,358,35,8,1024,4480,128,128,589,900
netherite_gloves_enchant,Netherite Gloves Enchant - Item Find,Consumable,Enchant Scroll,16,consumable.enchant.gloves_item_find,tier-neutral enchantment archetype,enchant.gloves_item_find,358,35,8,1024,4480,128,128,589,901
stormglass_gloves_enchant,Stormglass Gloves Enchant - Item Find,Consumable,Enchant Scroll,17,consumable.enchant.gloves_item_find,tier-neutral enchantment archetype,enchant.gloves_item_find,358,35,8,1024,4480,128,128,589,902
kingssteel_gloves_enchant,Kingssteel Gloves Enchant - Item Find,Consumable,Enchant Scroll,18,consumable.enchant.gloves_item_find,tier-neutral enchantment archetype,enchant.gloves_item_find,358,35,8,1024,4480,128,128,589,903
eternium_gloves_enchant,Eternium Gloves Enchant - Item Find,Consumable,Enchant Scroll,19,consumable.enchant.gloves_item_find,tier-neutral enchantment archetype,enchant.gloves_item_find,358,35,8,1024,4480,128,128,589,904
astralium_gloves_enchant,Astralium Gloves Enchant - Item Find,Consumable,Enchant Scroll,20,consumable.enchant.gloves_item_find,tier-neutral enchantment archetype,enchant.gloves_item_find,358,35,8,1024,4480,128,128,589,905
gravite_gloves_enchant,Gravite Gloves Enchant - Item Find,Consumable,Enchant Scroll,21,consumable.enchant.gloves_item_find,tier-neutral enchantment archetype,enchant.gloves_item_find,358,35,8,1024,4480,128,128,589,906
frostiron_gloves_enchant,Frostiron Gloves Enchant - Item Find,Consumable,Enchant Scroll,22,consumable.enchant.gloves_item_find,tier-neutral enchantment archetype,enchant.gloves_item_find,358,35,8,1024,4480,128,128,589,907
dusksteel_gloves_enchant,Dusksteel Gloves Enchant - Item Find,Consumable,Enchant Scroll,23,consumable.enchant.gloves_item_find,tier-neutral enchantment archetype,enchant.gloves_item_find,358,35,8,1024,4480,128,128,589,908
titanium_gloves_enchant,Titanium Gloves Enchant - Item Find,Consumable,Enchant Scroll,24,consumable.enchant.gloves_item_find,tier-neutral enchantment archetype,enchant.gloves_item_find,358,35,8,1024,4480,128,128,589,909
skysteel_gloves_enchant,Skysteel Gloves Enchant - Item Find,Consumable,Enchant Scroll,25,consumable.enchant.gloves_item_find,tier-neutral enchantment archetype,enchant.gloves_item_find,358,35,8,1024,4480,128,128,589,910
emberium_gloves_enchant,Emberium Gloves Enchant - Item Find,Consumable,Enchant Scroll,26,consumable.enchant.gloves_item_find,tier-neutral enchantment archetype,enchant.gloves_item_find,358,35,8,1024,4480,128,128,589,911
soulsteel_gloves_enchant,Soulsteel Gloves Enchant - Item Find,Consumable,Enchant Scroll,27,consumable.enchant.gloves_item_find,tier-neutral enchantment archetype,enchant.gloves_item_find,358,35,8,1024,4480,128,128,589,912
chronite_gloves_enchant,Chronite Gloves Enchant - Item Find,Consumable,Enchant Scroll,28,consumable.enchant.gloves_item_find,tier-neutral enchantment archetype,enchant.gloves_item_find,358,35,8,1024,4480,128,128,589,913
worldforge_gloves_enchant,Worldforge Gloves Enchant - Item Find,Consumable,Enchant Scroll,29,consumable.enchant.gloves_item_find,tier-neutral enchantment archetype,enchant.gloves_item_find,358,35,8,1024,4480,128,128,589,914
voidglass_gloves_enchant,Voidglass Gloves Enchant - Item Find,Consumable,Enchant Scroll,30,consumable.enchant.gloves_item_find,tier-neutral enchantment archetype,enchant.gloves_item_find,358,35,8,1024,4480,128,128,589,915
thalassic_gloves_enchant,Thalassic Gloves Enchant - Item Find,Consumable,Enchant Scroll,31,consumable.enchant.gloves_item_find,tier-neutral enchantment archetype,enchant.gloves_item_find,358,35,8,1024,4480,128,128,589,916
ashspire_gloves_enchant,Ashspire Gloves Enchant - Item Find,Consumable,Enchant Scroll,32,consumable.enchant.gloves_item_find,tier-neutral enchantment archetype,enchant.gloves_item_find,358,35,8,1024,4480,128,128,589,917
glacirite_gloves_enchant,Glacirite Gloves Enchant - Item Find,Consumable,Enchant Scroll,33,consumable.enchant.gloves_item_find,tier-neutral enchantment archetype,enchant.gloves_item_find,358,35,8,1024,4480,128,128,589,918
primordite_gloves_enchant,Primordite Gloves Enchant - Item Find,Consumable,Enchant Scroll,34,consumable.enchant.gloves_item_find,tier-neutral enchantment archetype,enchant.gloves_item_find,358,35,8,1024,4480,128,128,589,919
copper_boots_enchant,Copper Boots Enchant - Gather,Consumable,Enchant Scroll,1,consumable.enchant.boots_gather,tier-neutral enchantment archetype,enchant.boots_gather,359,35,9,1152,4480,128,128,590,920
iron_boots_enchant,Iron Boots Enchant - Gather,Consumable,Enchant Scroll,2,consumable.enchant.boots_gather,tier-neutral enchantment archetype,enchant.boots_gather,359,35,9,1152,4480,128,128,590,921
silver_boots_enchant,Silver Boots Enchant - Gather,Consumable,Enchant Scroll,3,consumable.enchant.boots_gather,tier-neutral enchantment archetype,enchant.boots_gather,359,35,9,1152,4480,128,128,590,922
gold_boots_enchant,Gold Boots Enchant - Gather,Consumable,Enchant Scroll,4,consumable.enchant.boots_gather,tier-neutral enchantment archetype,enchant.boots_gather,359,35,9,1152,4480,128,128,590,923
mythril_boots_enchant,Mythril Boots Enchant - Gather,Consumable,Enchant Scroll,5,consumable.enchant.boots_gather,tier-neutral enchantment archetype,enchant.boots_gather,359,35,9,1152,4480,128,128,590,924
starsteel_boots_enchant,Starsteel Boots Enchant - Gather,Consumable,Enchant Scroll,6,consumable.enchant.boots_gather,tier-neutral enchantment archetype,enchant.boots_gather,359,35,9,1152,4480,128,128,590,925
obsidian_boots_enchant,Obsidian Boots Enchant - Gather,Consumable,Enchant Scroll,7,consumable.enchant.boots_gather,tier-neutral enchantment archetype,enchant.boots_gather,359,35,9,1152,4480,128,128,590,926
runite_boots_enchant,Runite Boots Enchant - Gather,Consumable,Enchant Scroll,8,consumable.enchant.boots_gather,tier-neutral enchantment archetype,enchant.boots_gather,359,35,9,1152,4480,128,128,590,927
dragonsteel_boots_enchant,Dragonsteel Boots Enchant - Gather,Consumable,Enchant Scroll,9,consumable.enchant.boots_gather,tier-neutral enchantment archetype,enchant.boots_gather,359,35,9,1152,4480,128,128,590,928
aethersteel_boots_enchant,Aethersteel Boots Enchant - Gather,Consumable,Enchant Scroll,10,consumable.enchant.boots_gather,tier-neutral enchantment archetype,enchant.boots_gather,359,35,9,1152,4480,128,128,590,929
voidiron_boots_enchant,Voidiron Boots Enchant - Gather,Consumable,Enchant Scroll,11,consumable.enchant.boots_gather,tier-neutral enchantment archetype,enchant.boots_gather,359,35,9,1152,4480,128,128,590,930
celestium_boots_enchant,Celestium Boots Enchant - Gather,Consumable,Enchant Scroll,12,consumable.enchant.boots_gather,tier-neutral enchantment archetype,enchant.boots_gather,359,35,9,1152,4480,128,128,590,931
bloodstone_boots_enchant,Bloodstone Boots Enchant - Gather,Consumable,Enchant Scroll,13,consumable.enchant.boots_gather,tier-neutral enchantment archetype,enchant.boots_gather,359,35,9,1152,4480,128,128,590,932
moonsteel_boots_enchant,Moonsteel Boots Enchant - Gather,Consumable,Enchant Scroll,14,consumable.enchant.boots_gather,tier-neutral enchantment archetype,enchant.boots_gather,359,35,9,1152,4480,128,128,590,933
sunforged_boots_enchant,Sunforged Boots Enchant - Gather,Consumable,Enchant Scroll,15,consumable.enchant.boots_gather,tier-neutral enchantment archetype,enchant.boots_gather,359,35,9,1152,4480,128,128,590,934
netherite_boots_enchant,Netherite Boots Enchant - Gather,Consumable,Enchant Scroll,16,consumable.enchant.boots_gather,tier-neutral enchantment archetype,enchant.boots_gather,359,35,9,1152,4480,128,128,590,935
stormglass_boots_enchant,Stormglass Boots Enchant - Gather,Consumable,Enchant Scroll,17,consumable.enchant.boots_gather,tier-neutral enchantment archetype,enchant.boots_gather,359,35,9,1152,4480,128,128,590,936
kingssteel_boots_enchant,Kingssteel Boots Enchant - Gather,Consumable,Enchant Scroll,18,consumable.enchant.boots_gather,tier-neutral enchantment archetype,enchant.boots_gather,359,35,9,1152,4480,128,128,590,937
eternium_boots_enchant,Eternium Boots Enchant - Gather,Consumable,Enchant Scroll,19,consumable.enchant.boots_gather,tier-neutral enchantment archetype,enchant.boots_gather,359,35,9,1152,4480,128,128,590,938
astralium_boots_enchant,Astralium Boots Enchant - Gather,Consumable,Enchant Scroll,20,consumable.enchant.boots_gather,tier-neutral enchantment archetype,enchant.boots_gather,359,35,9,1152,4480,128,128,590,939
gravite_boots_enchant,Gravite Boots Enchant - Gather,Consumable,Enchant Scroll,21,consumable.enchant.boots_gather,tier-neutral enchantment archetype,enchant.boots_gather,359,35,9,1152,4480,128,128,590,940
frostiron_boots_enchant,Frostiron Boots Enchant - Gather,Consumable,Enchant Scroll,22,consumable.enchant.boots_gather,tier-neutral enchantment archetype,enchant.boots_gather,359,35,9,1152,4480,128,128,590,941
dusksteel_boots_enchant,Dusksteel Boots Enchant - Gather,Consumable,Enchant Scroll,23,consumable.enchant.boots_gather,tier-neutral enchantment archetype,enchant.boots_gather,359,35,9,1152,4480,128,128,590,942
titanium_boots_enchant,Titanium Boots Enchant - Gather,Consumable,Enchant Scroll,24,consumable.enchant.boots_gather,tier-neutral enchantment archetype,enchant.boots_gather,359,35,9,1152,4480,128,128,590,943
skysteel_boots_enchant,Skysteel Boots Enchant - Gather,Consumable,Enchant Scroll,25,consumable.enchant.boots_gather,tier-neutral enchantment archetype,enchant.boots_gather,359,35,9,1152,4480,128,128,590,944
emberium_boots_enchant,Emberium Boots Enchant - Gather,Consumable,Enchant Scroll,26,consumable.enchant.boots_gather,tier-neutral enchantment archetype,enchant.boots_gather,359,35,9,1152,4480,128,128,590,945
soulsteel_boots_enchant,Soulsteel Boots Enchant - Gather,Consumable,Enchant Scroll,27,consumable.enchant.boots_gather,tier-neutral enchantment archetype,enchant.boots_gather,359,35,9,1152,4480,128,128,590,946
chronite_boots_enchant,Chronite Boots Enchant - Gather,Consumable,Enchant Scroll,28,consumable.enchant.boots_gather,tier-neutral enchantment archetype,enchant.boots_gather,359,35,9,1152,4480,128,128,590,947
worldforge_boots_enchant,Worldforge Boots Enchant - Gather,Consumable,Enchant Scroll,29,consumable.enchant.boots_gather,tier-neutral enchantment archetype,enchant.boots_gather,359,35,9,1152,4480,128,128,590,948
voidglass_boots_enchant,Voidglass Boots Enchant - Gather,Consumable,Enchant Scroll,30,consumable.enchant.boots_gather,tier-neutral enchantment archetype,enchant.boots_gather,359,35,9,1152,4480,128,128,590,949
thalassic_boots_enchant,Thalassic Boots Enchant - Gather,Consumable,Enchant Scroll,31,consumable.enchant.boots_gather,tier-neutral enchantment archetype,enchant.boots_gather,359,35,9,1152,4480,128,128,590,950
ashspire_boots_enchant,Ashspire Boots Enchant - Gather,Consumable,Enchant Scroll,32,consumable.enchant.boots_gather,tier-neutral enchantment archetype,enchant.boots_gather,359,35,9,1152,4480,128,128,590,951
glacirite_boots_enchant,Glacirite Boots Enchant - Gather,Consumable,Enchant Scroll,33,consumable.enchant.boots_gather,tier-neutral enchantment archetype,enchant.boots_gather,359,35,9,1152,4480,128,128,590,952
primordite_boots_enchant,Primordite Boots Enchant - Gather,Consumable,Enchant Scroll,34,consumable.enchant.boots_gather,tier-neutral enchantment archetype,enchant.boots_gather,359,35,9,1152,4480,128,128,590,953
copper_smithing_xp_shard,Copper Smithing XP Shard,Consumable,XP Shard,1,consumable.xp_shard.smithing,tier-neutral XP-shard archetype,shard.smithing,360,36,0,0,4608,128,128,591,954
iron_smithing_xp_shard,Iron Smithing XP Shard,Consumable,XP Shard,2,consumable.xp_shard.smithing,tier-neutral XP-shard archetype,shard.smithing,360,36,0,0,4608,128,128,592,955
silver_smithing_xp_shard,Silver Smithing XP Shard,Consumable,XP Shard,3,consumable.xp_shard.smithing,tier-neutral XP-shard archetype,shard.smithing,360,36,0,0,4608,128,128,593,956
gold_smithing_xp_shard,Gold Smithing XP Shard,Consumable,XP Shard,4,consumable.xp_shard.smithing,tier-neutral XP-shard archetype,shard.smithing,360,36,0,0,4608,128,128,594,957
mythril_smithing_xp_shard,Mythril Smithing XP Shard,Consumable,XP Shard,5,consumable.xp_shard.smithing,tier-neutral XP-shard archetype,shard.smithing,360,36,0,0,4608,128,128,595,958
starsteel_smithing_xp_shard,Starsteel Smithing XP Shard,Consumable,XP Shard,6,consumable.xp_shard.smithing,tier-neutral XP-shard archetype,shard.smithing,360,36,0,0,4608,128,128,596,959
obsidian_smithing_xp_shard,Obsidian Smithing XP Shard,Consumable,XP Shard,7,consumable.xp_shard.smithing,tier-neutral XP-shard archetype,shard.smithing,360,36,0,0,4608,128,128,597,960
runite_smithing_xp_shard,Runite Smithing XP Shard,Consumable,XP Shard,8,consumable.xp_shard.smithing,tier-neutral XP-shard archetype,shard.smithing,360,36,0,0,4608,128,128,598,961
dragonsteel_smithing_xp_shard,Dragonsteel Smithing XP Shard,Consumable,XP Shard,9,consumable.xp_shard.smithing,tier-neutral XP-shard archetype,shard.smithing,360,36,0,0,4608,128,128,599,962
aethersteel_smithing_xp_shard,Aethersteel Smithing XP Shard,Consumable,XP Shard,10,consumable.xp_shard.smithing,tier-neutral XP-shard archetype,shard.smithing,360,36,0,0,4608,128,128,600,963
voidiron_smithing_xp_shard,Voidiron Smithing XP Shard,Consumable,XP Shard,11,consumable.xp_shard.smithing,tier-neutral XP-shard archetype,shard.smithing,360,36,0,0,4608,128,128,601,964
celestium_smithing_xp_shard,Celestium Smithing XP Shard,Consumable,XP Shard,12,consumable.xp_shard.smithing,tier-neutral XP-shard archetype,shard.smithing,360,36,0,0,4608,128,128,602,965
bloodstone_smithing_xp_shard,Bloodstone Smithing XP Shard,Consumable,XP Shard,13,consumable.xp_shard.smithing,tier-neutral XP-shard archetype,shard.smithing,360,36,0,0,4608,128,128,603,966
moonsteel_smithing_xp_shard,Moonsteel Smithing XP Shard,Consumable,XP Shard,14,consumable.xp_shard.smithing,tier-neutral XP-shard archetype,shard.smithing,360,36,0,0,4608,128,128,604,967
sunforged_smithing_xp_shard,Sunforged Smithing XP Shard,Consumable,XP Shard,15,consumable.xp_shard.smithing,tier-neutral XP-shard archetype,shard.smithing,360,36,0,0,4608,128,128,605,968
netherite_smithing_xp_shard,Netherite Smithing XP Shard,Consumable,XP Shard,16,consumable.xp_shard.smithing,tier-neutral XP-shard archetype,shard.smithing,360,36,0,0,4608,128,128,606,969
stormglass_smithing_xp_shard,Stormglass Smithing XP Shard,Consumable,XP Shard,17,consumable.xp_shard.smithing,tier-neutral XP-shard archetype,shard.smithing,360,36,0,0,4608,128,128,607,970
kingssteel_smithing_xp_shard,Kingssteel Smithing XP Shard,Consumable,XP Shard,18,consumable.xp_shard.smithing,tier-neutral XP-shard archetype,shard.smithing,360,36,0,0,4608,128,128,608,971
eternium_smithing_xp_shard,Eternium Smithing XP Shard,Consumable,XP Shard,19,consumable.xp_shard.smithing,tier-neutral XP-shard archetype,shard.smithing,360,36,0,0,4608,128,128,609,972
astralium_smithing_xp_shard,Astralium Smithing XP Shard,Consumable,XP Shard,20,consumable.xp_shard.smithing,tier-neutral XP-shard archetype,shard.smithing,360,36,0,0,4608,128,128,610,973
gravite_smithing_xp_shard,Gravite Smithing XP Shard,Consumable,XP Shard,21,consumable.xp_shard.smithing,tier-neutral XP-shard archetype,shard.smithing,360,36,0,0,4608,128,128,611,974
frostiron_smithing_xp_shard,Frostiron Smithing XP Shard,Consumable,XP Shard,22,consumable.xp_shard.smithing,tier-neutral XP-shard archetype,shard.smithing,360,36,0,0,4608,128,128,612,975
dusksteel_smithing_xp_shard,Dusksteel Smithing XP Shard,Consumable,XP Shard,23,consumable.xp_shard.smithing,tier-neutral XP-shard archetype,shard.smithing,360,36,0,0,4608,128,128,613,976
titanium_smithing_xp_shard,Titanium Smithing XP Shard,Consumable,XP Shard,24,consumable.xp_shard.smithing,tier-neutral XP-shard archetype,shard.smithing,360,36,0,0,4608,128,128,614,977
skysteel_smithing_xp_shard,Skysteel Smithing XP Shard,Consumable,XP Shard,25,consumable.xp_shard.smithing,tier-neutral XP-shard archetype,shard.smithing,360,36,0,0,4608,128,128,615,978
emberium_smithing_xp_shard,Emberium Smithing XP Shard,Consumable,XP Shard,26,consumable.xp_shard.smithing,tier-neutral XP-shard archetype,shard.smithing,360,36,0,0,4608,128,128,616,979
soulsteel_smithing_xp_shard,Soulsteel Smithing XP Shard,Consumable,XP Shard,27,consumable.xp_shard.smithing,tier-neutral XP-shard archetype,shard.smithing,360,36,0,0,4608,128,128,617,980
chronite_smithing_xp_shard,Chronite Smithing XP Shard,Consumable,XP Shard,28,consumable.xp_shard.smithing,tier-neutral XP-shard archetype,shard.smithing,360,36,0,0,4608,128,128,618,981
worldforge_smithing_xp_shard,Worldforge Smithing XP Shard,Consumable,XP Shard,29,consumable.xp_shard.smithing,tier-neutral XP-shard archetype,shard.smithing,360,36,0,0,4608,128,128,619,982
voidglass_smithing_xp_shard,Voidglass Smithing XP Shard,Consumable,XP Shard,30,consumable.xp_shard.smithing,tier-neutral XP-shard archetype,shard.smithing,360,36,0,0,4608,128,128,620,983
thalassic_smithing_xp_shard,Thalassic Smithing XP Shard,Consumable,XP Shard,31,consumable.xp_shard.smithing,tier-neutral XP-shard archetype,shard.smithing,360,36,0,0,4608,128,128,621,984
ashspire_smithing_xp_shard,Ashspire Smithing XP Shard,Consumable,XP Shard,32,consumable.xp_shard.smithing,tier-neutral XP-shard archetype,shard.smithing,360,36,0,0,4608,128,128,622,985
glacirite_smithing_xp_shard,Glacirite Smithing XP Shard,Consumable,XP Shard,33,consumable.xp_shard.smithing,tier-neutral XP-shard archetype,shard.smithing,360,36,0,0,4608,128,128,623,986
primordite_smithing_xp_shard,Primordite Smithing XP Shard,Consumable,XP Shard,34,consumable.xp_shard.smithing,tier-neutral XP-shard archetype,shard.smithing,360,36,0,0,4608,128,128,624,987
copper_alchemy_xp_shard,Copper Alchemy XP Shard,Consumable,XP Shard,1,consumable.xp_shard.alchemy,tier-neutral XP-shard archetype,shard.alchemy,361,36,1,128,4608,128,128,625,988
iron_alchemy_xp_shard,Iron Alchemy XP Shard,Consumable,XP Shard,2,consumable.xp_shard.alchemy,tier-neutral XP-shard archetype,shard.alchemy,361,36,1,128,4608,128,128,626,989
silver_alchemy_xp_shard,Silver Alchemy XP Shard,Consumable,XP Shard,3,consumable.xp_shard.alchemy,tier-neutral XP-shard archetype,shard.alchemy,361,36,1,128,4608,128,128,627,990
gold_alchemy_xp_shard,Gold Alchemy XP Shard,Consumable,XP Shard,4,consumable.xp_shard.alchemy,tier-neutral XP-shard archetype,shard.alchemy,361,36,1,128,4608,128,128,628,991
mythril_alchemy_xp_shard,Mythril Alchemy XP Shard,Consumable,XP Shard,5,consumable.xp_shard.alchemy,tier-neutral XP-shard archetype,shard.alchemy,361,36,1,128,4608,128,128,629,992
starsteel_alchemy_xp_shard,Starsteel Alchemy XP Shard,Consumable,XP Shard,6,consumable.xp_shard.alchemy,tier-neutral XP-shard archetype,shard.alchemy,361,36,1,128,4608,128,128,630,993
obsidian_alchemy_xp_shard,Obsidian Alchemy XP Shard,Consumable,XP Shard,7,consumable.xp_shard.alchemy,tier-neutral XP-shard archetype,shard.alchemy,361,36,1,128,4608,128,128,631,994
runite_alchemy_xp_shard,Runite Alchemy XP Shard,Consumable,XP Shard,8,consumable.xp_shard.alchemy,tier-neutral XP-shard archetype,shard.alchemy,361,36,1,128,4608,128,128,632,995
dragonsteel_alchemy_xp_shard,Dragonsteel Alchemy XP Shard,Consumable,XP Shard,9,consumable.xp_shard.alchemy,tier-neutral XP-shard archetype,shard.alchemy,361,36,1,128,4608,128,128,633,996
aethersteel_alchemy_xp_shard,Aethersteel Alchemy XP Shard,Consumable,XP Shard,10,consumable.xp_shard.alchemy,tier-neutral XP-shard archetype,shard.alchemy,361,36,1,128,4608,128,128,634,997
voidiron_alchemy_xp_shard,Voidiron Alchemy XP Shard,Consumable,XP Shard,11,consumable.xp_shard.alchemy,tier-neutral XP-shard archetype,shard.alchemy,361,36,1,128,4608,128,128,635,998
celestium_alchemy_xp_shard,Celestium Alchemy XP Shard,Consumable,XP Shard,12,consumable.xp_shard.alchemy,tier-neutral XP-shard archetype,shard.alchemy,361,36,1,128,4608,128,128,636,999
bloodstone_alchemy_xp_shard,Bloodstone Alchemy XP Shard,Consumable,XP Shard,13,consumable.xp_shard.alchemy,tier-neutral XP-shard archetype,shard.alchemy,361,36,1,128,4608,128,128,637,1000
moonsteel_alchemy_xp_shard,Moonsteel Alchemy XP Shard,Consumable,XP Shard,14,consumable.xp_shard.alchemy,tier-neutral XP-shard archetype,shard.alchemy,361,36,1,128,4608,128,128,638,1001
sunforged_alchemy_xp_shard,Sunforged Alchemy XP Shard,Consumable,XP Shard,15,consumable.xp_shard.alchemy,tier-neutral XP-shard archetype,shard.alchemy,361,36,1,128,4608,128,128,639,1002
netherite_alchemy_xp_shard,Netherite Alchemy XP Shard,Consumable,XP Shard,16,consumable.xp_shard.alchemy,tier-neutral XP-shard archetype,shard.alchemy,361,36,1,128,4608,128,128,640,1003
stormglass_alchemy_xp_shard,Stormglass Alchemy XP Shard,Consumable,XP Shard,17,consumable.xp_shard.alchemy,tier-neutral XP-shard archetype,shard.alchemy,361,36,1,128,4608,128,128,641,1004
kingssteel_alchemy_xp_shard,Kingssteel Alchemy XP Shard,Consumable,XP Shard,18,consumable.xp_shard.alchemy,tier-neutral XP-shard archetype,shard.alchemy,361,36,1,128,4608,128,128,642,1005
eternium_alchemy_xp_shard,Eternium Alchemy XP Shard,Consumable,XP Shard,19,consumable.xp_shard.alchemy,tier-neutral XP-shard archetype,shard.alchemy,361,36,1,128,4608,128,128,643,1006
astralium_alchemy_xp_shard,Astralium Alchemy XP Shard,Consumable,XP Shard,20,consumable.xp_shard.alchemy,tier-neutral XP-shard archetype,shard.alchemy,361,36,1,128,4608,128,128,644,1007
gravite_alchemy_xp_shard,Gravite Alchemy XP Shard,Consumable,XP Shard,21,consumable.xp_shard.alchemy,tier-neutral XP-shard archetype,shard.alchemy,361,36,1,128,4608,128,128,645,1008
frostiron_alchemy_xp_shard,Frostiron Alchemy XP Shard,Consumable,XP Shard,22,consumable.xp_shard.alchemy,tier-neutral XP-shard archetype,shard.alchemy,361,36,1,128,4608,128,128,646,1009
dusksteel_alchemy_xp_shard,Dusksteel Alchemy XP Shard,Consumable,XP Shard,23,consumable.xp_shard.alchemy,tier-neutral XP-shard archetype,shard.alchemy,361,36,1,128,4608,128,128,647,1010
titanium_alchemy_xp_shard,Titanium Alchemy XP Shard,Consumable,XP Shard,24,consumable.xp_shard.alchemy,tier-neutral XP-shard archetype,shard.alchemy,361,36,1,128,4608,128,128,648,1011
skysteel_alchemy_xp_shard,Skysteel Alchemy XP Shard,Consumable,XP Shard,25,consumable.xp_shard.alchemy,tier-neutral XP-shard archetype,shard.alchemy,361,36,1,128,4608,128,128,649,1012
emberium_alchemy_xp_shard,Emberium Alchemy XP Shard,Consumable,XP Shard,26,consumable.xp_shard.alchemy,tier-neutral XP-shard archetype,shard.alchemy,361,36,1,128,4608,128,128,650,1013
soulsteel_alchemy_xp_shard,Soulsteel Alchemy XP Shard,Consumable,XP Shard,27,consumable.xp_shard.alchemy,tier-neutral XP-shard archetype,shard.alchemy,361,36,1,128,4608,128,128,651,1014
chronite_alchemy_xp_shard,Chronite Alchemy XP Shard,Consumable,XP Shard,28,consumable.xp_shard.alchemy,tier-neutral XP-shard archetype,shard.alchemy,361,36,1,128,4608,128,128,652,1015
worldforge_alchemy_xp_shard,Worldforge Alchemy XP Shard,Consumable,XP Shard,29,consumable.xp_shard.alchemy,tier-neutral XP-shard archetype,shard.alchemy,361,36,1,128,4608,128,128,653,1016
voidglass_alchemy_xp_shard,Voidglass Alchemy XP Shard,Consumable,XP Shard,30,consumable.xp_shard.alchemy,tier-neutral XP-shard archetype,shard.alchemy,361,36,1,128,4608,128,128,654,1017
thalassic_alchemy_xp_shard,Thalassic Alchemy XP Shard,Consumable,XP Shard,31,consumable.xp_shard.alchemy,tier-neutral XP-shard archetype,shard.alchemy,361,36,1,128,4608,128,128,655,1018
ashspire_alchemy_xp_shard,Ashspire Alchemy XP Shard,Consumable,XP Shard,32,consumable.xp_shard.alchemy,tier-neutral XP-shard archetype,shard.alchemy,361,36,1,128,4608,128,128,656,1019
glacirite_alchemy_xp_shard,Glacirite Alchemy XP Shard,Consumable,XP Shard,33,consumable.xp_shard.alchemy,tier-neutral XP-shard archetype,shard.alchemy,361,36,1,128,4608,128,128,657,1020
primordite_alchemy_xp_shard,Primordite Alchemy XP Shard,Consumable,XP Shard,34,consumable.xp_shard.alchemy,tier-neutral XP-shard archetype,shard.alchemy,361,36,1,128,4608,128,128,658,1021
copper_supply_cache,Copper Arcane Cache,Consumable,Supply Cache,1,consumable.cache.arcane,tier-neutral cache archetype,cache.arcane,362,36,2,256,4608,128,128,659,1022
iron_supply_cache,Iron Arcane Cache,Consumable,Supply Cache,2,consumable.cache.arcane,tier-neutral cache archetype,cache.arcane,362,36,2,256,4608,128,128,660,1023
silver_supply_cache,Silver Arcane Cache,Consumable,Supply Cache,3,consumable.cache.arcane,tier-neutral cache archetype,cache.arcane,362,36,2,256,4608,128,128,661,1024
gold_supply_cache,Gold Arcane Cache,Consumable,Supply Cache,4,consumable.cache.arcane,tier-neutral cache archetype,cache.arcane,362,36,2,256,4608,128,128,662,1025
mythril_supply_cache,Mythril Arcane Cache,Consumable,Supply Cache,5,consumable.cache.arcane,tier-neutral cache archetype,cache.arcane,362,36,2,256,4608,128,128,663,1026
starsteel_supply_cache,Starsteel Arcane Cache,Consumable,Supply Cache,6,consumable.cache.arcane,tier-neutral cache archetype,cache.arcane,362,36,2,256,4608,128,128,664,1027
obsidian_supply_cache,Obsidian Arcane Cache,Consumable,Supply Cache,7,consumable.cache.arcane,tier-neutral cache archetype,cache.arcane,362,36,2,256,4608,128,128,665,1028
runite_supply_cache,Runite Arcane Cache,Consumable,Supply Cache,8,consumable.cache.arcane,tier-neutral cache archetype,cache.arcane,362,36,2,256,4608,128,128,666,1029
dragonsteel_supply_cache,Dragonsteel Arcane Cache,Consumable,Supply Cache,9,consumable.cache.arcane,tier-neutral cache archetype,cache.arcane,362,36,2,256,4608,128,128,667,1030
aethersteel_supply_cache,Aethersteel Arcane Cache,Consumable,Supply Cache,10,consumable.cache.arcane,tier-neutral cache archetype,cache.arcane,362,36,2,256,4608,128,128,668,1031
voidiron_supply_cache,Voidiron Arcane Cache,Consumable,Supply Cache,11,consumable.cache.arcane,tier-neutral cache archetype,cache.arcane,362,36,2,256,4608,128,128,669,1032
celestium_supply_cache,Celestium Arcane Cache,Consumable,Supply Cache,12,consumable.cache.arcane,tier-neutral cache archetype,cache.arcane,362,36,2,256,4608,128,128,670,1033
bloodstone_supply_cache,Bloodstone Arcane Cache,Consumable,Supply Cache,13,consumable.cache.arcane,tier-neutral cache archetype,cache.arcane,362,36,2,256,4608,128,128,671,1034
moonsteel_supply_cache,Moonsteel Arcane Cache,Consumable,Supply Cache,14,consumable.cache.arcane,tier-neutral cache archetype,cache.arcane,362,36,2,256,4608,128,128,672,1035
sunforged_supply_cache,Sunforged Arcane Cache,Consumable,Supply Cache,15,consumable.cache.arcane,tier-neutral cache archetype,cache.arcane,362,36,2,256,4608,128,128,673,1036
netherite_supply_cache,Netherite Arcane Cache,Consumable,Supply Cache,16,consumable.cache.arcane,tier-neutral cache archetype,cache.arcane,362,36,2,256,4608,128,128,674,1037
stormglass_supply_cache,Stormglass Arcane Cache,Consumable,Supply Cache,17,consumable.cache.arcane,tier-neutral cache archetype,cache.arcane,362,36,2,256,4608,128,128,675,1038
kingssteel_supply_cache,Kingssteel Arcane Cache,Consumable,Supply Cache,18,consumable.cache.arcane,tier-neutral cache archetype,cache.arcane,362,36,2,256,4608,128,128,676,1039
eternium_supply_cache,Eternium Arcane Cache,Consumable,Supply Cache,19,consumable.cache.arcane,tier-neutral cache archetype,cache.arcane,362,36,2,256,4608,128,128,677,1040
astralium_supply_cache,Astralium Arcane Cache,Consumable,Supply Cache,20,consumable.cache.arcane,tier-neutral cache archetype,cache.arcane,362,36,2,256,4608,128,128,678,1041
gravite_supply_cache,Gravite Arcane Cache,Consumable,Supply Cache,21,consumable.cache.arcane,tier-neutral cache archetype,cache.arcane,362,36,2,256,4608,128,128,679,1042
frostiron_supply_cache,Frostiron Arcane Cache,Consumable,Supply Cache,22,consumable.cache.arcane,tier-neutral cache archetype,cache.arcane,362,36,2,256,4608,128,128,680,1043
dusksteel_supply_cache,Dusksteel Arcane Cache,Consumable,Supply Cache,23,consumable.cache.arcane,tier-neutral cache archetype,cache.arcane,362,36,2,256,4608,128,128,681,1044
titanium_supply_cache,Titanium Arcane Cache,Consumable,Supply Cache,24,consumable.cache.arcane,tier-neutral cache archetype,cache.arcane,362,36,2,256,4608,128,128,682,1045
skysteel_supply_cache,Skysteel Arcane Cache,Consumable,Supply Cache,25,consumable.cache.arcane,tier-neutral cache archetype,cache.arcane,362,36,2,256,4608,128,128,683,1046
emberium_supply_cache,Emberium Arcane Cache,Consumable,Supply Cache,26,consumable.cache.arcane,tier-neutral cache archetype,cache.arcane,362,36,2,256,4608,128,128,684,1047
soulsteel_supply_cache,Soulsteel Arcane Cache,Consumable,Supply Cache,27,consumable.cache.arcane,tier-neutral cache archetype,cache.arcane,362,36,2,256,4608,128,128,685,1048
chronite_supply_cache,Chronite Arcane Cache,Consumable,Supply Cache,28,consumable.cache.arcane,tier-neutral cache archetype,cache.arcane,362,36,2,256,4608,128,128,686,1049
worldforge_supply_cache,Worldforge Arcane Cache,Consumable,Supply Cache,29,consumable.cache.arcane,tier-neutral cache archetype,cache.arcane,362,36,2,256,4608,128,128,687,1050
voidglass_supply_cache,Voidglass Arcane Cache,Consumable,Supply Cache,30,consumable.cache.arcane,tier-neutral cache archetype,cache.arcane,362,36,2,256,4608,128,128,688,1051
thalassic_supply_cache,Thalassic Arcane Cache,Consumable,Supply Cache,31,consumable.cache.arcane,tier-neutral cache archetype,cache.arcane,362,36,2,256,4608,128,128,689,1052
ashspire_supply_cache,Ashspire Arcane Cache,Consumable,Supply Cache,32,consumable.cache.arcane,tier-neutral cache archetype,cache.arcane,362,36,2,256,4608,128,128,690,1053
glacirite_supply_cache,Glacirite Arcane Cache,Consumable,Supply Cache,33,consumable.cache.arcane,tier-neutral cache archetype,cache.arcane,362,36,2,256,4608,128,128,691,1054
primordite_supply_cache,Primordite Arcane Cache,Consumable,Supply Cache,34,consumable.cache.arcane,tier-neutral cache archetype,cache.arcane,362,36,2,256,4608,128,128,692,1055
copper_lesser_supply_cache,Copper Lesser Arcane Cache,Consumable,Supply Cache,1,consumable.cache.lesser_arcane,tier-neutral cache archetype,cache.lesser_arcane,363,36,3,384,4608,128,128,693,1056
iron_lesser_supply_cache,Iron Lesser Arcane Cache,Consumable,Supply Cache,2,consumable.cache.lesser_arcane,tier-neutral cache archetype,cache.lesser_arcane,363,36,3,384,4608,128,128,694,1057
silver_lesser_supply_cache,Silver Lesser Arcane Cache,Consumable,Supply Cache,3,consumable.cache.lesser_arcane,tier-neutral cache archetype,cache.lesser_arcane,363,36,3,384,4608,128,128,695,1058
gold_lesser_supply_cache,Gold Lesser Arcane Cache,Consumable,Supply Cache,4,consumable.cache.lesser_arcane,tier-neutral cache archetype,cache.lesser_arcane,363,36,3,384,4608,128,128,696,1059
mythril_lesser_supply_cache,Mythril Lesser Arcane Cache,Consumable,Supply Cache,5,consumable.cache.lesser_arcane,tier-neutral cache archetype,cache.lesser_arcane,363,36,3,384,4608,128,128,697,1060
starsteel_lesser_supply_cache,Starsteel Lesser Arcane Cache,Consumable,Supply Cache,6,consumable.cache.lesser_arcane,tier-neutral cache archetype,cache.lesser_arcane,363,36,3,384,4608,128,128,698,1061
obsidian_lesser_supply_cache,Obsidian Lesser Arcane Cache,Consumable,Supply Cache,7,consumable.cache.lesser_arcane,tier-neutral cache archetype,cache.lesser_arcane,363,36,3,384,4608,128,128,699,1062
runite_lesser_supply_cache,Runite Lesser Arcane Cache,Consumable,Supply Cache,8,consumable.cache.lesser_arcane,tier-neutral cache archetype,cache.lesser_arcane,363,36,3,384,4608,128,128,700,1063
dragonsteel_lesser_supply_cache,Dragonsteel Lesser Arcane Cache,Consumable,Supply Cache,9,consumable.cache.lesser_arcane,tier-neutral cache archetype,cache.lesser_arcane,363,36,3,384,4608,128,128,701,1064
aethersteel_lesser_supply_cache,Aethersteel Lesser Arcane Cache,Consumable,Supply Cache,10,consumable.cache.lesser_arcane,tier-neutral cache archetype,cache.lesser_arcane,363,36,3,384,4608,128,128,702,1065
voidiron_lesser_supply_cache,Voidiron Lesser Arcane Cache,Consumable,Supply Cache,11,consumable.cache.lesser_arcane,tier-neutral cache archetype,cache.lesser_arcane,363,36,3,384,4608,128,128,703,1066
celestium_lesser_supply_cache,Celestium Lesser Arcane Cache,Consumable,Supply Cache,12,consumable.cache.lesser_arcane,tier-neutral cache archetype,cache.lesser_arcane,363,36,3,384,4608,128,128,704,1067
bloodstone_lesser_supply_cache,Bloodstone Lesser Arcane Cache,Consumable,Supply Cache,13,consumable.cache.lesser_arcane,tier-neutral cache archetype,cache.lesser_arcane,363,36,3,384,4608,128,128,705,1068
moonsteel_lesser_supply_cache,Moonsteel Lesser Arcane Cache,Consumable,Supply Cache,14,consumable.cache.lesser_arcane,tier-neutral cache archetype,cache.lesser_arcane,363,36,3,384,4608,128,128,706,1069
sunforged_lesser_supply_cache,Sunforged Lesser Arcane Cache,Consumable,Supply Cache,15,consumable.cache.lesser_arcane,tier-neutral cache archetype,cache.lesser_arcane,363,36,3,384,4608,128,128,707,1070
netherite_lesser_supply_cache,Netherite Lesser Arcane Cache,Consumable,Supply Cache,16,consumable.cache.lesser_arcane,tier-neutral cache archetype,cache.lesser_arcane,363,36,3,384,4608,128,128,708,1071
stormglass_lesser_supply_cache,Stormglass Lesser Arcane Cache,Consumable,Supply Cache,17,consumable.cache.lesser_arcane,tier-neutral cache archetype,cache.lesser_arcane,363,36,3,384,4608,128,128,709,1072
kingssteel_lesser_supply_cache,Kingssteel Lesser Arcane Cache,Consumable,Supply Cache,18,consumable.cache.lesser_arcane,tier-neutral cache archetype,cache.lesser_arcane,363,36,3,384,4608,128,128,710,1073
eternium_lesser_supply_cache,Eternium Lesser Arcane Cache,Consumable,Supply Cache,19,consumable.cache.lesser_arcane,tier-neutral cache archetype,cache.lesser_arcane,363,36,3,384,4608,128,128,711,1074
astralium_lesser_supply_cache,Astralium Lesser Arcane Cache,Consumable,Supply Cache,20,consumable.cache.lesser_arcane,tier-neutral cache archetype,cache.lesser_arcane,363,36,3,384,4608,128,128,712,1075
gravite_lesser_supply_cache,Gravite Lesser Arcane Cache,Consumable,Supply Cache,21,consumable.cache.lesser_arcane,tier-neutral cache archetype,cache.lesser_arcane,363,36,3,384,4608,128,128,713,1076
frostiron_lesser_supply_cache,Frostiron Lesser Arcane Cache,Consumable,Supply Cache,22,consumable.cache.lesser_arcane,tier-neutral cache archetype,cache.lesser_arcane,363,36,3,384,4608,128,128,714,1077
dusksteel_lesser_supply_cache,Dusksteel Lesser Arcane Cache,Consumable,Supply Cache,23,consumable.cache.lesser_arcane,tier-neutral cache archetype,cache.lesser_arcane,363,36,3,384,4608,128,128,715,1078
titanium_lesser_supply_cache,Titanium Lesser Arcane Cache,Consumable,Supply Cache,24,consumable.cache.lesser_arcane,tier-neutral cache archetype,cache.lesser_arcane,363,36,3,384,4608,128,128,716,1079
skysteel_lesser_supply_cache,Skysteel Lesser Arcane Cache,Consumable,Supply Cache,25,consumable.cache.lesser_arcane,tier-neutral cache archetype,cache.lesser_arcane,363,36,3,384,4608,128,128,717,1080
emberium_lesser_supply_cache,Emberium Lesser Arcane Cache,Consumable,Supply Cache,26,consumable.cache.lesser_arcane,tier-neutral cache archetype,cache.lesser_arcane,363,36,3,384,4608,128,128,718,1081
soulsteel_lesser_supply_cache,Soulsteel Lesser Arcane Cache,Consumable,Supply Cache,27,consumable.cache.lesser_arcane,tier-neutral cache archetype,cache.lesser_arcane,363,36,3,384,4608,128,128,719,1082
chronite_lesser_supply_cache,Chronite Lesser Arcane Cache,Consumable,Supply Cache,28,consumable.cache.lesser_arcane,tier-neutral cache archetype,cache.lesser_arcane,363,36,3,384,4608,128,128,720,1083
worldforge_lesser_supply_cache,Worldforge Lesser Arcane Cache,Consumable,Supply Cache,29,consumable.cache.lesser_arcane,tier-neutral cache archetype,cache.lesser_arcane,363,36,3,384,4608,128,128,721,1084
voidglass_lesser_supply_cache,Voidglass Lesser Arcane Cache,Consumable,Supply Cache,30,consumable.cache.lesser_arcane,tier-neutral cache archetype,cache.lesser_arcane,363,36,3,384,4608,128,128,722,1085
thalassic_lesser_supply_cache,Thalassic Lesser Arcane Cache,Consumable,Supply Cache,31,consumable.cache.lesser_arcane,tier-neutral cache archetype,cache.lesser_arcane,363,36,3,384,4608,128,128,723,1086
ashspire_lesser_supply_cache,Ashspire Lesser Arcane Cache,Consumable,Supply Cache,32,consumable.cache.lesser_arcane,tier-neutral cache archetype,cache.lesser_arcane,363,36,3,384,4608,128,128,724,1087
glacirite_lesser_supply_cache,Glacirite Lesser Arcane Cache,Consumable,Supply Cache,33,consumable.cache.lesser_arcane,tier-neutral cache archetype,cache.lesser_arcane,363,36,3,384,4608,128,128,725,1088
primordite_lesser_supply_cache,Primordite Lesser Arcane Cache,Consumable,Supply Cache,34,consumable.cache.lesser_arcane,tier-neutral cache archetype,cache.lesser_arcane,363,36,3,384,4608,128,128,726,1089
copper_upgrade_orb,Copper Upgrade Orb,Consumable,Upgrade Orb,1,consumable.upgrade_orb,tier-neutral Upgrade Orb archetype,orb.upgrade,364,36,4,512,4608,128,128,727,1090
iron_upgrade_orb,Iron Upgrade Orb,Consumable,Upgrade Orb,2,consumable.upgrade_orb,tier-neutral Upgrade Orb archetype,orb.upgrade,364,36,4,512,4608,128,128,728,1091
silver_upgrade_orb,Silver Upgrade Orb,Consumable,Upgrade Orb,3,consumable.upgrade_orb,tier-neutral Upgrade Orb archetype,orb.upgrade,364,36,4,512,4608,128,128,729,1092
gold_upgrade_orb,Gold Upgrade Orb,Consumable,Upgrade Orb,4,consumable.upgrade_orb,tier-neutral Upgrade Orb archetype,orb.upgrade,364,36,4,512,4608,128,128,730,1093
mythril_upgrade_orb,Mythril Upgrade Orb,Consumable,Upgrade Orb,5,consumable.upgrade_orb,tier-neutral Upgrade Orb archetype,orb.upgrade,364,36,4,512,4608,128,128,731,1094
starsteel_upgrade_orb,Starsteel Upgrade Orb,Consumable,Upgrade Orb,6,consumable.upgrade_orb,tier-neutral Upgrade Orb archetype,orb.upgrade,364,36,4,512,4608,128,128,732,1095
obsidian_upgrade_orb,Obsidian Upgrade Orb,Consumable,Upgrade Orb,7,consumable.upgrade_orb,tier-neutral Upgrade Orb archetype,orb.upgrade,364,36,4,512,4608,128,128,733,1096
runite_upgrade_orb,Runite Upgrade Orb,Consumable,Upgrade Orb,8,consumable.upgrade_orb,tier-neutral Upgrade Orb archetype,orb.upgrade,364,36,4,512,4608,128,128,734,1097
dragonsteel_upgrade_orb,Dragonsteel Upgrade Orb,Consumable,Upgrade Orb,9,consumable.upgrade_orb,tier-neutral Upgrade Orb archetype,orb.upgrade,364,36,4,512,4608,128,128,735,1098
aethersteel_upgrade_orb,Aethersteel Upgrade Orb,Consumable,Upgrade Orb,10,consumable.upgrade_orb,tier-neutral Upgrade Orb archetype,orb.upgrade,364,36,4,512,4608,128,128,736,1099
voidiron_upgrade_orb,Voidiron Upgrade Orb,Consumable,Upgrade Orb,11,consumable.upgrade_orb,tier-neutral Upgrade Orb archetype,orb.upgrade,364,36,4,512,4608,128,128,737,1100
celestium_upgrade_orb,Celestium Upgrade Orb,Consumable,Upgrade Orb,12,consumable.upgrade_orb,tier-neutral Upgrade Orb archetype,orb.upgrade,364,36,4,512,4608,128,128,738,1101
bloodstone_upgrade_orb,Bloodstone Upgrade Orb,Consumable,Upgrade Orb,13,consumable.upgrade_orb,tier-neutral Upgrade Orb archetype,orb.upgrade,364,36,4,512,4608,128,128,739,1102
moonsteel_upgrade_orb,Moonsteel Upgrade Orb,Consumable,Upgrade Orb,14,consumable.upgrade_orb,tier-neutral Upgrade Orb archetype,orb.upgrade,364,36,4,512,4608,128,128,740,1103
sunforged_upgrade_orb,Sunforged Upgrade Orb,Consumable,Upgrade Orb,15,consumable.upgrade_orb,tier-neutral Upgrade Orb archetype,orb.upgrade,364,36,4,512,4608,128,128,741,1104
netherite_upgrade_orb,Netherite Upgrade Orb,Consumable,Upgrade Orb,16,consumable.upgrade_orb,tier-neutral Upgrade Orb archetype,orb.upgrade,364,36,4,512,4608,128,128,742,1105
stormglass_upgrade_orb,Stormglass Upgrade Orb,Consumable,Upgrade Orb,17,consumable.upgrade_orb,tier-neutral Upgrade Orb archetype,orb.upgrade,364,36,4,512,4608,128,128,743,1106
kingssteel_upgrade_orb,Kingssteel Upgrade Orb,Consumable,Upgrade Orb,18,consumable.upgrade_orb,tier-neutral Upgrade Orb archetype,orb.upgrade,364,36,4,512,4608,128,128,744,1107
eternium_upgrade_orb,Eternium Upgrade Orb,Consumable,Upgrade Orb,19,consumable.upgrade_orb,tier-neutral Upgrade Orb archetype,orb.upgrade,364,36,4,512,4608,128,128,745,1108
astralium_upgrade_orb,Astralium Upgrade Orb,Consumable,Upgrade Orb,20,consumable.upgrade_orb,tier-neutral Upgrade Orb archetype,orb.upgrade,364,36,4,512,4608,128,128,746,1109
gravite_upgrade_orb,Gravite Upgrade Orb,Consumable,Upgrade Orb,21,consumable.upgrade_orb,tier-neutral Upgrade Orb archetype,orb.upgrade,364,36,4,512,4608,128,128,747,1110
frostiron_upgrade_orb,Frostiron Upgrade Orb,Consumable,Upgrade Orb,22,consumable.upgrade_orb,tier-neutral Upgrade Orb archetype,orb.upgrade,364,36,4,512,4608,128,128,748,1111
dusksteel_upgrade_orb,Dusksteel Upgrade Orb,Consumable,Upgrade Orb,23,consumable.upgrade_orb,tier-neutral Upgrade Orb archetype,orb.upgrade,364,36,4,512,4608,128,128,749,1112
titanium_upgrade_orb,Titanium Upgrade Orb,Consumable,Upgrade Orb,24,consumable.upgrade_orb,tier-neutral Upgrade Orb archetype,orb.upgrade,364,36,4,512,4608,128,128,750,1113
skysteel_upgrade_orb,Skysteel Upgrade Orb,Consumable,Upgrade Orb,25,consumable.upgrade_orb,tier-neutral Upgrade Orb archetype,orb.upgrade,364,36,4,512,4608,128,128,751,1114
emberium_upgrade_orb,Emberium Upgrade Orb,Consumable,Upgrade Orb,26,consumable.upgrade_orb,tier-neutral Upgrade Orb archetype,orb.upgrade,364,36,4,512,4608,128,128,752,1115
soulsteel_upgrade_orb,Soulsteel Upgrade Orb,Consumable,Upgrade Orb,27,consumable.upgrade_orb,tier-neutral Upgrade Orb archetype,orb.upgrade,364,36,4,512,4608,128,128,753,1116
chronite_upgrade_orb,Chronite Upgrade Orb,Consumable,Upgrade Orb,28,consumable.upgrade_orb,tier-neutral Upgrade Orb archetype,orb.upgrade,364,36,4,512,4608,128,128,754,1117
worldforge_upgrade_orb,Worldforge Upgrade Orb,Consumable,Upgrade Orb,29,consumable.upgrade_orb,tier-neutral Upgrade Orb archetype,orb.upgrade,364,36,4,512,4608,128,128,755,1118
voidglass_upgrade_orb,Voidglass Upgrade Orb,Consumable,Upgrade Orb,30,consumable.upgrade_orb,tier-neutral Upgrade Orb archetype,orb.upgrade,364,36,4,512,4608,128,128,756,1119
thalassic_upgrade_orb,Thalassic Upgrade Orb,Consumable,Upgrade Orb,31,consumable.upgrade_orb,tier-neutral Upgrade Orb archetype,orb.upgrade,364,36,4,512,4608,128,128,757,1120
ashspire_upgrade_orb,Ashspire Upgrade Orb,Consumable,Upgrade Orb,32,consumable.upgrade_orb,tier-neutral Upgrade Orb archetype,orb.upgrade,364,36,4,512,4608,128,128,758,1121
glacirite_upgrade_orb,Glacirite Upgrade Orb,Consumable,Upgrade Orb,33,consumable.upgrade_orb,tier-neutral Upgrade Orb archetype,orb.upgrade,364,36,4,512,4608,128,128,759,1122
primordite_upgrade_orb,Primordite Upgrade Orb,Consumable,Upgrade Orb,34,consumable.upgrade_orb,tier-neutral Upgrade Orb archetype,orb.upgrade,364,36,4,512,4608,128,128,760,1123
reinforcement_plate_tier_1,Copper Reinforcement Plate,Consumable,Usable item,1,consumable.reinforcement_plate,tier-neutral reinforcement archetype,plate.reinforcement,365,36,5,640,4608,128,128,761,1124
reinforcement_plate_tier_2,Iron Reinforcement Plate,Consumable,Usable item,2,consumable.reinforcement_plate,tier-neutral reinforcement archetype,plate.reinforcement,365,36,5,640,4608,128,128,762,1125
reinforcement_plate_tier_3,Silver Reinforcement Plate,Consumable,Usable item,3,consumable.reinforcement_plate,tier-neutral reinforcement archetype,plate.reinforcement,365,36,5,640,4608,128,128,763,1126
reinforcement_plate_tier_4,Gold Reinforcement Plate,Consumable,Usable item,4,consumable.reinforcement_plate,tier-neutral reinforcement archetype,plate.reinforcement,365,36,5,640,4608,128,128,764,1127
reinforcement_plate_tier_5,Mythril Reinforcement Plate,Consumable,Usable item,5,consumable.reinforcement_plate,tier-neutral reinforcement archetype,plate.reinforcement,365,36,5,640,4608,128,128,765,1128
reinforcement_plate_tier_6,Starsteel Reinforcement Plate,Consumable,Usable item,6,consumable.reinforcement_plate,tier-neutral reinforcement archetype,plate.reinforcement,365,36,5,640,4608,128,128,766,1129
reinforcement_plate_tier_7,Obsidian Reinforcement Plate,Consumable,Usable item,7,consumable.reinforcement_plate,tier-neutral reinforcement archetype,plate.reinforcement,365,36,5,640,4608,128,128,767,1130
reinforcement_plate_tier_8,Runite Reinforcement Plate,Consumable,Usable item,8,consumable.reinforcement_plate,tier-neutral reinforcement archetype,plate.reinforcement,365,36,5,640,4608,128,128,768,1131
reinforcement_plate_tier_9,Dragonsteel Reinforcement Plate,Consumable,Usable item,9,consumable.reinforcement_plate,tier-neutral reinforcement archetype,plate.reinforcement,365,36,5,640,4608,128,128,769,1132
reinforcement_plate_tier_10,Aethersteel Reinforcement Plate,Consumable,Usable item,10,consumable.reinforcement_plate,tier-neutral reinforcement archetype,plate.reinforcement,365,36,5,640,4608,128,128,770,1133
reinforcement_plate_tier_11,Voidiron Reinforcement Plate,Consumable,Usable item,11,consumable.reinforcement_plate,tier-neutral reinforcement archetype,plate.reinforcement,365,36,5,640,4608,128,128,771,1134
reinforcement_plate_tier_12,Celestium Reinforcement Plate,Consumable,Usable item,12,consumable.reinforcement_plate,tier-neutral reinforcement archetype,plate.reinforcement,365,36,5,640,4608,128,128,772,1135
reinforcement_plate_tier_13,Bloodstone Reinforcement Plate,Consumable,Usable item,13,consumable.reinforcement_plate,tier-neutral reinforcement archetype,plate.reinforcement,365,36,5,640,4608,128,128,773,1136
reinforcement_plate_tier_14,Moonsteel Reinforcement Plate,Consumable,Usable item,14,consumable.reinforcement_plate,tier-neutral reinforcement archetype,plate.reinforcement,365,36,5,640,4608,128,128,774,1137
reinforcement_plate_tier_15,Sunforged Reinforcement Plate,Consumable,Usable item,15,consumable.reinforcement_plate,tier-neutral reinforcement archetype,plate.reinforcement,365,36,5,640,4608,128,128,775,1138
reinforcement_plate_tier_16,Netherite Reinforcement Plate,Consumable,Usable item,16,consumable.reinforcement_plate,tier-neutral reinforcement archetype,plate.reinforcement,365,36,5,640,4608,128,128,776,1139
reinforcement_plate_tier_17,Stormglass Reinforcement Plate,Consumable,Usable item,17,consumable.reinforcement_plate,tier-neutral reinforcement archetype,plate.reinforcement,365,36,5,640,4608,128,128,777,1140
reinforcement_plate_tier_18,Kingssteel Reinforcement Plate,Consumable,Usable item,18,consumable.reinforcement_plate,tier-neutral reinforcement archetype,plate.reinforcement,365,36,5,640,4608,128,128,778,1141
reinforcement_plate_tier_19,Eternium Reinforcement Plate,Consumable,Usable item,19,consumable.reinforcement_plate,tier-neutral reinforcement archetype,plate.reinforcement,365,36,5,640,4608,128,128,779,1142
reinforcement_plate_tier_20,Astralium Reinforcement Plate,Consumable,Usable item,20,consumable.reinforcement_plate,tier-neutral reinforcement archetype,plate.reinforcement,365,36,5,640,4608,128,128,780,1143
reinforcement_plate_tier_21,Gravite Reinforcement Plate,Consumable,Usable item,21,consumable.reinforcement_plate,tier-neutral reinforcement archetype,plate.reinforcement,365,36,5,640,4608,128,128,781,1144
reinforcement_plate_tier_22,Frostiron Reinforcement Plate,Consumable,Usable item,22,consumable.reinforcement_plate,tier-neutral reinforcement archetype,plate.reinforcement,365,36,5,640,4608,128,128,782,1145
reinforcement_plate_tier_23,Dusksteel Reinforcement Plate,Consumable,Usable item,23,consumable.reinforcement_plate,tier-neutral reinforcement archetype,plate.reinforcement,365,36,5,640,4608,128,128,783,1146
reinforcement_plate_tier_24,Titanium Reinforcement Plate,Consumable,Usable item,24,consumable.reinforcement_plate,tier-neutral reinforcement archetype,plate.reinforcement,365,36,5,640,4608,128,128,784,1147
reinforcement_plate_tier_25,Skysteel Reinforcement Plate,Consumable,Usable item,25,consumable.reinforcement_plate,tier-neutral reinforcement archetype,plate.reinforcement,365,36,5,640,4608,128,128,785,1148
reinforcement_plate_tier_26,Emberium Reinforcement Plate,Consumable,Usable item,26,consumable.reinforcement_plate,tier-neutral reinforcement archetype,plate.reinforcement,365,36,5,640,4608,128,128,786,1149
reinforcement_plate_tier_27,Soulsteel Reinforcement Plate,Consumable,Usable item,27,consumable.reinforcement_plate,tier-neutral reinforcement archetype,plate.reinforcement,365,36,5,640,4608,128,128,787,1150
reinforcement_plate_tier_28,Chronite Reinforcement Plate,Consumable,Usable item,28,consumable.reinforcement_plate,tier-neutral reinforcement archetype,plate.reinforcement,365,36,5,640,4608,128,128,788,1151
reinforcement_plate_tier_29,Worldforge Reinforcement Plate,Consumable,Usable item,29,consumable.reinforcement_plate,tier-neutral reinforcement archetype,plate.reinforcement,365,36,5,640,4608,128,128,789,1152
reinforcement_plate_tier_30,Voidglass Reinforcement Plate,Consumable,Usable item,30,consumable.reinforcement_plate,tier-neutral reinforcement archetype,plate.reinforcement,365,36,5,640,4608,128,128,790,1153
reinforcement_plate_tier_31,Thalassic Reinforcement Plate,Consumable,Usable item,31,consumable.reinforcement_plate,tier-neutral reinforcement archetype,plate.reinforcement,365,36,5,640,4608,128,128,791,1154
reinforcement_plate_tier_32,Ashspire Reinforcement Plate,Consumable,Usable item,32,consumable.reinforcement_plate,tier-neutral reinforcement archetype,plate.reinforcement,365,36,5,640,4608,128,128,792,1155
reinforcement_plate_tier_33,Glacirite Reinforcement Plate,Consumable,Usable item,33,consumable.reinforcement_plate,tier-neutral reinforcement archetype,plate.reinforcement,365,36,5,640,4608,128,128,793,1156
reinforcement_plate_tier_34,Primordite Reinforcement Plate,Consumable,Usable item,34,consumable.reinforcement_plate,tier-neutral reinforcement archetype,plate.reinforcement,365,36,5,640,4608,128,128,794,1157
cache_compass,Cache Compass,Consumable,Usable item,0,consumable.utility.cache_compass,generated utility archetype,,366,36,6,768,4608,128,128,795,1158
arcane_amplifier,Arcane Amplifier,Consumable,Usable item,0,consumable.utility.arcane_amplifier,generated utility archetype,,367,36,7,896,4608,128,128,796,1159
void_lens,Void Lens,Consumable,Usable item,0,consumable.utility.void_lens,generated utility archetype,,368,36,8,1024,4608,128,128,797,1160
cache_badge_token_treasure_hunter,Treasure Hunter Badge Token,Consumable,Cosmetic Token,0,consumable.cosmetic_token,generated cosmetic-token source,,369,36,9,1152,4608,128,128,798,1161
cache_badge_token_fortune_seeker,Fortune Seeker Badge Token,Consumable,Cosmetic Token,0,consumable.cosmetic_token,generated cosmetic-token source,,370,37,0,0,4736,128,128,799,1162
cache_color_token_fortune_gold,Fortune's Gold Color Token,Consumable,Cosmetic Token,0,consumable.cosmetic_token,generated cosmetic-token source,,371,37,1,128,4736,128,128,800,1163
cache_color_token_cache_jade,Cache Jade Color Token,Consumable,Cosmetic Token,0,consumable.cosmetic_token,generated cosmetic-token source,,372,37,2,256,4736,128,128,801,1164
cache_title_token_cache_hunter,Token: The Cache Hunter,Consumable,Cosmetic Token,0,consumable.cosmetic_token,generated cosmetic-token source,,373,37,3,384,4736,128,128,802,1165
cache_title_token_fortunes_chosen,Token: Fortune's Chosen,Consumable,Cosmetic Token,0,consumable.cosmetic_token,generated cosmetic-token source,,374,37,4,512,4736,128,128,803,1166
